sub	file	q	arm	psnr	ssim2	butter_n3
photos	20231206_150232.png	15	lattice_floor	45.529	91.283	0.3970
photos	20231206_150232.png	15	lattice_jbu	36.913	78.141	0.7726
photos	20231206_150232.png	15	decode	23.240	25.578	3.6607
photos	20231206_150232.png	15	decode_oc	23.832	36.011	3.5242
photos	20231206_150232.png	15	restored	24.653	33.636	3.2409
photos	20231206_150232.png	15	restored_oc	25.281	43.090	3.1362
photos	20231206_150232.png	35	lattice_floor	45.529	91.283	0.3970
photos	20231206_150232.png	35	lattice_jbu	36.913	78.141	0.7726
photos	20231206_150232.png	35	decode	26.721	55.615	2.3028
photos	20231206_150232.png	35	decode_oc	27.326	61.475	2.2558
photos	20231206_150232.png	35	restored	28.156	60.929	1.9341
photos	20231206_150232.png	35	restored_oc	28.803	66.305	1.9023
photos	20231206_150232.png	55	lattice_floor	45.529	91.283	0.3970
photos	20231206_150232.png	55	lattice_jbu	36.913	78.141	0.7726
photos	20231206_150232.png	55	decode	28.774	65.380	1.8169
photos	20231206_150232.png	55	decode_oc	29.493	70.048	1.7758
photos	20231206_150232.png	55	restored	30.093	69.608	1.5257
photos	20231206_150232.png	55	restored_oc	30.870	74.051	1.5012
photos	20231206_150232.png	75	lattice_floor	45.529	91.283	0.3970
photos	20231206_150232.png	75	lattice_jbu	36.913	78.141	0.7726
photos	20231206_150232.png	75	decode	31.705	73.873	1.3164
photos	20231206_150232.png	75	decode_oc	32.716	78.462	1.2770
photos	20231206_150232.png	75	restored	32.771	77.300	1.1035
photos	20231206_150232.png	75	restored_oc	33.869	81.469	1.0770
photos	20231206_150232.png	90	lattice_floor	45.529	91.283	0.3970
photos	20231206_150232.png	90	lattice_jbu	36.913	78.141	0.7726
photos	20231206_150232.png	90	decode	36.800	84.133	0.7389
photos	20231206_150232.png	90	decode_oc	38.704	87.989	0.6991
photos	20231206_150232.png	90	restored	37.237	86.422	0.6421
photos	20231206_150232.png	90	restored_oc	39.307	89.196	0.6236
photos	20240528_210945.jpg	15	lattice_floor	41.625	90.965	0.7269
photos	20240528_210945.jpg	15	lattice_jbu	39.039	90.849	0.5524
photos	20240528_210945.jpg	15	decode	25.056	33.305	3.0873
photos	20240528_210945.jpg	15	decode_oc	26.240	46.949	2.6659
photos	20240528_210945.jpg	15	restored	25.855	37.394	2.9196
photos	20240528_210945.jpg	15	restored_oc	27.047	49.795	2.5329
photos	20240528_210945.jpg	35	lattice_floor	41.625	90.965	0.7269
photos	20240528_210945.jpg	35	lattice_jbu	39.039	90.849	0.5524
photos	20240528_210945.jpg	35	decode	28.003	61.091	2.0728
photos	20240528_210945.jpg	35	decode_oc	29.277	68.997	1.7047
photos	20240528_210945.jpg	35	restored	28.811	63.627	1.8506
photos	20240528_210945.jpg	35	restored_oc	30.061	70.920	1.5837
photos	20240528_210945.jpg	55	lattice_floor	41.625	90.965	0.7269
photos	20240528_210945.jpg	55	lattice_jbu	39.039	90.849	0.5524
photos	20240528_210945.jpg	55	decode	29.589	68.953	1.7344
photos	20240528_210945.jpg	55	decode_oc	30.992	75.727	1.3626
photos	20240528_210945.jpg	55	restored	30.349	71.049	1.4880
photos	20240528_210945.jpg	55	restored_oc	31.670	77.298	1.2775
photos	20240528_210945.jpg	75	lattice_floor	41.625	90.965	0.7269
photos	20240528_210945.jpg	75	lattice_jbu	39.039	90.849	0.5524
photos	20240528_210945.jpg	75	decode	31.613	76.415	1.4092
photos	20240528_210945.jpg	75	decode_oc	33.359	81.763	1.0442
photos	20240528_210945.jpg	75	restored	32.294	77.998	1.1598
photos	20240528_210945.jpg	75	restored_oc	33.881	82.836	0.9890
photos	20240528_210945.jpg	90	lattice_floor	41.625	90.965	0.7269
photos	20240528_210945.jpg	90	lattice_jbu	39.039	90.849	0.5524
photos	20240528_210945.jpg	90	decode	35.229	83.824	0.9714
photos	20240528_210945.jpg	90	decode_oc	37.979	88.288	0.6530
photos	20240528_210945.jpg	90	restored	35.819	84.761	0.7708
photos	20240528_210945.jpg	90	restored_oc	38.259	88.723	0.6343
photos	Screenshot_20260526_074348_Photos.png	15	lattice_floor	56.948	94.106	0.0806
photos	Screenshot_20260526_074348_Photos.png	15	lattice_jbu	54.920	93.705	0.0850
photos	Screenshot_20260526_074348_Photos.png	15	decode	31.986	17.360	2.8959
photos	Screenshot_20260526_074348_Photos.png	15	decode_oc	32.986	24.481	2.6297
photos	Screenshot_20260526_074348_Photos.png	15	restored	32.491	36.912	2.6931
photos	Screenshot_20260526_074348_Photos.png	15	restored_oc	33.891	43.832	2.2510
photos	Screenshot_20260526_074348_Photos.png	35	lattice_floor	56.948	94.106	0.0806
photos	Screenshot_20260526_074348_Photos.png	35	lattice_jbu	54.920	93.705	0.0850
photos	Screenshot_20260526_074348_Photos.png	35	decode	34.940	53.455	1.7938
photos	Screenshot_20260526_074348_Photos.png	35	decode_oc	35.379	57.825	1.7517
photos	Screenshot_20260526_074348_Photos.png	35	restored	35.528	60.584	1.6299
photos	Screenshot_20260526_074348_Photos.png	35	restored_oc	35.975	64.619	1.5778
photos	Screenshot_20260526_074348_Photos.png	55	lattice_floor	56.948	94.106	0.0806
photos	Screenshot_20260526_074348_Photos.png	55	lattice_jbu	54.920	93.705	0.0850
photos	Screenshot_20260526_074348_Photos.png	55	decode	36.151	65.449	1.4856
photos	Screenshot_20260526_074348_Photos.png	55	decode_oc	36.540	69.173	1.4482
photos	Screenshot_20260526_074348_Photos.png	55	restored	36.663	68.087	1.3858
photos	Screenshot_20260526_074348_Photos.png	55	restored_oc	37.042	71.426	1.3452
photos	Screenshot_20260526_074348_Photos.png	75	lattice_floor	56.948	94.106	0.0806
photos	Screenshot_20260526_074348_Photos.png	75	lattice_jbu	54.920	93.705	0.0850
photos	Screenshot_20260526_074348_Photos.png	75	decode	37.743	74.965	1.1864
photos	Screenshot_20260526_074348_Photos.png	75	decode_oc	38.124	78.364	1.1541
photos	Screenshot_20260526_074348_Photos.png	75	restored	38.108	75.777	1.1314
photos	Screenshot_20260526_074348_Photos.png	75	restored_oc	38.501	78.821	1.0935
photos	Screenshot_20260526_074348_Photos.png	90	lattice_floor	56.948	94.106	0.0806
photos	Screenshot_20260526_074348_Photos.png	90	lattice_jbu	54.920	93.705	0.0850
photos	Screenshot_20260526_074348_Photos.png	90	decode	40.877	84.708	0.7894
photos	Screenshot_20260526_074348_Photos.png	90	decode_oc	41.264	86.744	0.7804
photos	Screenshot_20260526_074348_Photos.png	90	restored	40.972	84.825	0.7870
photos	Screenshot_20260526_074348_Photos.png	90	restored_oc	41.412	86.791	0.7683
people	alexander-aguero-EnppVuXbcCE-unsplash.jpg	15	lattice_floor	59.471	96.883	0.0743
people	alexander-aguero-EnppVuXbcCE-unsplash.jpg	15	lattice_jbu	55.767	96.172	0.1150
people	alexander-aguero-EnppVuXbcCE-unsplash.jpg	15	decode	34.096	-1.538	2.9043
people	alexander-aguero-EnppVuXbcCE-unsplash.jpg	15	decode_oc	36.032	5.857	2.7426
people	alexander-aguero-EnppVuXbcCE-unsplash.jpg	15	restored	35.348	20.480	2.5753
people	alexander-aguero-EnppVuXbcCE-unsplash.jpg	15	restored_oc	37.035	25.850	2.3767
people	alexander-aguero-EnppVuXbcCE-unsplash.jpg	35	lattice_floor	59.471	96.883	0.0743
people	alexander-aguero-EnppVuXbcCE-unsplash.jpg	35	lattice_jbu	55.767	96.172	0.1150
people	alexander-aguero-EnppVuXbcCE-unsplash.jpg	35	decode	37.742	48.393	1.6640
people	alexander-aguero-EnppVuXbcCE-unsplash.jpg	35	decode_oc	38.891	53.373	1.6244
people	alexander-aguero-EnppVuXbcCE-unsplash.jpg	35	restored	38.573	54.901	1.5537
people	alexander-aguero-EnppVuXbcCE-unsplash.jpg	35	restored_oc	39.525	58.309	1.5098
people	alexander-aguero-EnppVuXbcCE-unsplash.jpg	55	lattice_floor	59.471	96.883	0.0743
people	alexander-aguero-EnppVuXbcCE-unsplash.jpg	55	lattice_jbu	55.767	96.172	0.1150
people	alexander-aguero-EnppVuXbcCE-unsplash.jpg	55	decode	39.387	65.282	1.2765
people	alexander-aguero-EnppVuXbcCE-unsplash.jpg	55	decode_oc	40.515	69.510	1.2377
people	alexander-aguero-EnppVuXbcCE-unsplash.jpg	55	restored	40.134	68.035	1.1904
people	alexander-aguero-EnppVuXbcCE-unsplash.jpg	55	restored_oc	41.162	71.318	1.1475
people	alexander-aguero-EnppVuXbcCE-unsplash.jpg	75	lattice_floor	59.471	96.883	0.0743
people	alexander-aguero-EnppVuXbcCE-unsplash.jpg	75	lattice_jbu	55.767	96.172	0.1150
people	alexander-aguero-EnppVuXbcCE-unsplash.jpg	75	decode	41.648	77.435	0.9050
people	alexander-aguero-EnppVuXbcCE-unsplash.jpg	75	decode_oc	42.808	81.382	0.8843
people	alexander-aguero-EnppVuXbcCE-unsplash.jpg	75	restored	42.367	78.599	0.8405
people	alexander-aguero-EnppVuXbcCE-unsplash.jpg	75	restored_oc	43.424	81.632	0.8199
people	alexander-aguero-EnppVuXbcCE-unsplash.jpg	90	lattice_floor	59.471	96.883	0.0743
people	alexander-aguero-EnppVuXbcCE-unsplash.jpg	90	lattice_jbu	55.767	96.172	0.1150
people	alexander-aguero-EnppVuXbcCE-unsplash.jpg	90	decode	45.222	88.252	0.5373
people	alexander-aguero-EnppVuXbcCE-unsplash.jpg	90	decode_oc	46.763	90.717	0.5245
people	alexander-aguero-EnppVuXbcCE-unsplash.jpg	90	restored	45.722	88.385	0.5114
people	alexander-aguero-EnppVuXbcCE-unsplash.jpg	90	restored_oc	47.136	90.579	0.4998
people	anastasia-pivnenko-PRNG6R1nSpQ-unsplash.jpg	15	lattice_floor	52.096	95.137	0.0668
people	anastasia-pivnenko-PRNG6R1nSpQ-unsplash.jpg	15	lattice_jbu	47.729	94.138	0.1079
people	anastasia-pivnenko-PRNG6R1nSpQ-unsplash.jpg	15	decode	25.762	1.542	3.2451
people	anastasia-pivnenko-PRNG6R1nSpQ-unsplash.jpg	15	decode_oc	26.250	11.089	3.1184
people	anastasia-pivnenko-PRNG6R1nSpQ-unsplash.jpg	15	restored	25.981	9.751	3.1635
people	anastasia-pivnenko-PRNG6R1nSpQ-unsplash.jpg	15	restored_oc	26.391	17.100	3.0294
people	anastasia-pivnenko-PRNG6R1nSpQ-unsplash.jpg	35	lattice_floor	52.096	95.137	0.0668
people	anastasia-pivnenko-PRNG6R1nSpQ-unsplash.jpg	35	lattice_jbu	47.729	94.138	0.1079
people	anastasia-pivnenko-PRNG6R1nSpQ-unsplash.jpg	35	decode	26.839	38.687	2.3386
people	anastasia-pivnenko-PRNG6R1nSpQ-unsplash.jpg	35	decode_oc	27.130	44.283	2.3098
people	anastasia-pivnenko-PRNG6R1nSpQ-unsplash.jpg	35	restored	26.923	39.606	2.3315
people	anastasia-pivnenko-PRNG6R1nSpQ-unsplash.jpg	35	restored_oc	27.180	44.278	2.3055
people	anastasia-pivnenko-PRNG6R1nSpQ-unsplash.jpg	55	lattice_floor	52.096	95.137	0.0668
people	anastasia-pivnenko-PRNG6R1nSpQ-unsplash.jpg	55	lattice_jbu	47.729	94.138	0.1079
people	anastasia-pivnenko-PRNG6R1nSpQ-unsplash.jpg	55	decode	27.368	49.614	2.0683
people	anastasia-pivnenko-PRNG6R1nSpQ-unsplash.jpg	55	decode_oc	27.595	53.863	2.0514
people	anastasia-pivnenko-PRNG6R1nSpQ-unsplash.jpg	55	restored	27.453	49.910	2.0580
people	anastasia-pivnenko-PRNG6R1nSpQ-unsplash.jpg	55	restored_oc	27.662	53.767	2.0426
people	anastasia-pivnenko-PRNG6R1nSpQ-unsplash.jpg	75	lattice_floor	52.096	95.137	0.0668
people	anastasia-pivnenko-PRNG6R1nSpQ-unsplash.jpg	75	lattice_jbu	47.729	94.138	0.1079
people	anastasia-pivnenko-PRNG6R1nSpQ-unsplash.jpg	75	decode	28.393	58.571	1.7673
people	anastasia-pivnenko-PRNG6R1nSpQ-unsplash.jpg	75	decode_oc	28.576	61.286	1.7588
people	anastasia-pivnenko-PRNG6R1nSpQ-unsplash.jpg	75	restored	28.397	58.426	1.7727
people	anastasia-pivnenko-PRNG6R1nSpQ-unsplash.jpg	75	restored_oc	28.572	60.982	1.7639
people	anastasia-pivnenko-PRNG6R1nSpQ-unsplash.jpg	90	lattice_floor	52.096	95.137	0.0668
people	anastasia-pivnenko-PRNG6R1nSpQ-unsplash.jpg	90	lattice_jbu	47.729	94.138	0.1079
people	anastasia-pivnenko-PRNG6R1nSpQ-unsplash.jpg	90	decode	45.743	91.751	0.2131
people	anastasia-pivnenko-PRNG6R1nSpQ-unsplash.jpg	90	decode_oc	46.920	93.407	0.2065
people	anastasia-pivnenko-PRNG6R1nSpQ-unsplash.jpg	90	restored	44.561	90.818	0.2696
people	anastasia-pivnenko-PRNG6R1nSpQ-unsplash.jpg	90	restored_oc	45.665	92.471	0.2578
people	ashford-marx-5nEMKAK1WQs-unsplash.jpg	15	lattice_floor	51.286	95.799	0.0717
people	ashford-marx-5nEMKAK1WQs-unsplash.jpg	15	lattice_jbu	47.783	95.418	0.1067
people	ashford-marx-5nEMKAK1WQs-unsplash.jpg	15	decode	26.150	29.162	2.9807
people	ashford-marx-5nEMKAK1WQs-unsplash.jpg	15	decode_oc	26.714	39.578	2.8649
people	ashford-marx-5nEMKAK1WQs-unsplash.jpg	15	restored	26.727	33.183	2.8792
people	ashford-marx-5nEMKAK1WQs-unsplash.jpg	15	restored_oc	27.272	42.659	2.7609
people	ashford-marx-5nEMKAK1WQs-unsplash.jpg	35	lattice_floor	51.286	95.799	0.0717
people	ashford-marx-5nEMKAK1WQs-unsplash.jpg	35	lattice_jbu	47.783	95.418	0.1067
people	ashford-marx-5nEMKAK1WQs-unsplash.jpg	35	decode	29.341	61.136	1.7757
people	ashford-marx-5nEMKAK1WQs-unsplash.jpg	35	decode_oc	29.922	67.824	1.7353
people	ashford-marx-5nEMKAK1WQs-unsplash.jpg	35	restored	29.914	63.013	1.7002
people	ashford-marx-5nEMKAK1WQs-unsplash.jpg	35	restored_oc	30.478	69.126	1.6580
people	ashford-marx-5nEMKAK1WQs-unsplash.jpg	55	lattice_floor	51.286	95.799	0.0717
people	ashford-marx-5nEMKAK1WQs-unsplash.jpg	55	lattice_jbu	47.783	95.418	0.1067
people	ashford-marx-5nEMKAK1WQs-unsplash.jpg	55	decode	31.204	70.958	1.3964
people	ashford-marx-5nEMKAK1WQs-unsplash.jpg	55	decode_oc	31.804	76.219	1.3707
people	ashford-marx-5nEMKAK1WQs-unsplash.jpg	55	restored	31.721	72.213	1.3363
people	ashford-marx-5nEMKAK1WQs-unsplash.jpg	55	restored_oc	32.308	77.108	1.3106
people	ashford-marx-5nEMKAK1WQs-unsplash.jpg	75	lattice_floor	51.286	95.799	0.0717
people	ashford-marx-5nEMKAK1WQs-unsplash.jpg	75	lattice_jbu	47.783	95.418	0.1067
people	ashford-marx-5nEMKAK1WQs-unsplash.jpg	75	decode	33.791	79.479	1.0193
people	ashford-marx-5nEMKAK1WQs-unsplash.jpg	75	decode_oc	34.493	83.234	1.0030
people	ashford-marx-5nEMKAK1WQs-unsplash.jpg	75	restored	34.177	80.143	0.9765
people	ashford-marx-5nEMKAK1WQs-unsplash.jpg	75	restored_oc	34.879	83.838	0.9592
people	ashford-marx-5nEMKAK1WQs-unsplash.jpg	90	lattice_floor	51.286	95.799	0.0717
people	ashford-marx-5nEMKAK1WQs-unsplash.jpg	90	lattice_jbu	47.783	95.418	0.1067
people	ashford-marx-5nEMKAK1WQs-unsplash.jpg	90	decode	38.793	88.490	0.5469
people	ashford-marx-5nEMKAK1WQs-unsplash.jpg	90	decode_oc	40.123	90.909	0.5354
people	ashford-marx-5nEMKAK1WQs-unsplash.jpg	90	restored	38.962	88.645	0.5323
people	ashford-marx-5nEMKAK1WQs-unsplash.jpg	90	restored_oc	40.316	91.052	0.5197
screen	archive__details-collection__1440x900__dpr1.png	15	lattice_floor	99.000	100.000	0.0000
screen	archive__details-collection__1440x900__dpr1.png	15	lattice_jbu	99.000	100.000	0.0000
screen	archive__details-collection__1440x900__dpr1.png	15	decode	40.114	85.700	4.7848
screen	archive__details-collection__1440x900__dpr1.png	15	decode_oc	39.478	87.366	4.4394
screen	archive__details-collection__1440x900__dpr1.png	15	restored	38.242	86.077	5.6762
screen	archive__details-collection__1440x900__dpr1.png	15	restored_oc	39.409	88.046	4.4963
screen	archive__details-collection__1440x900__dpr1.png	35	lattice_floor	99.000	100.000	0.0000
screen	archive__details-collection__1440x900__dpr1.png	35	lattice_jbu	99.000	100.000	0.0000
screen	archive__details-collection__1440x900__dpr1.png	35	decode	48.131	90.220	2.3578
screen	archive__details-collection__1440x900__dpr1.png	35	decode_oc	48.131	86.446	1.4175
screen	archive__details-collection__1440x900__dpr1.png	35	restored	48.131	90.224	2.3578
screen	archive__details-collection__1440x900__dpr1.png	35	restored_oc	48.131	86.446	1.4175
screen	archive__details-collection__1440x900__dpr1.png	55	lattice_floor	99.000	100.000	0.0000
screen	archive__details-collection__1440x900__dpr1.png	55	lattice_jbu	99.000	100.000	0.0000
screen	archive__details-collection__1440x900__dpr1.png	55	decode	45.912	88.295	2.6346
screen	archive__details-collection__1440x900__dpr1.png	55	decode_oc	99.000	100.000	0.0000
screen	archive__details-collection__1440x900__dpr1.png	55	restored	45.912	88.316	2.6346
screen	archive__details-collection__1440x900__dpr1.png	55	restored_oc	95.327	98.790	0.0593
screen	archive__details-collection__1440x900__dpr1.png	75	lattice_floor	99.000	100.000	0.0000
screen	archive__details-collection__1440x900__dpr1.png	75	lattice_jbu	99.000	100.000	0.0000
screen	archive__details-collection__1440x900__dpr1.png	75	decode	99.000	100.000	0.0000
screen	archive__details-collection__1440x900__dpr1.png	75	decode_oc	99.000	100.000	0.0000
screen	archive__details-collection__1440x900__dpr1.png	75	restored	102.316	96.372	0.0161
screen	archive__details-collection__1440x900__dpr1.png	75	restored_oc	99.000	100.000	0.0000
screen	archive__details-collection__1440x900__dpr1.png	90	lattice_floor	99.000	100.000	0.0000
screen	archive__details-collection__1440x900__dpr1.png	90	lattice_jbu	99.000	100.000	0.0000
screen	archive__details-collection__1440x900__dpr1.png	90	decode	99.000	100.000	0.0000
screen	archive__details-collection__1440x900__dpr1.png	90	decode_oc	99.000	100.000	0.0000
screen	archive__details-collection__1440x900__dpr1.png	90	restored	107.087	99.675	0.0238
screen	archive__details-collection__1440x900__dpr1.png	90	restored_oc	99.000	100.000	0.0000
screen	archive__wayback-search__1440x900__dpr1.png	15	lattice_floor	40.801	90.268	0.3839
screen	archive__wayback-search__1440x900__dpr1.png	15	lattice_jbu	45.739	92.972	0.2113
screen	archive__wayback-search__1440x900__dpr1.png	15	decode	27.357	39.677	3.4757
screen	archive__wayback-search__1440x900__dpr1.png	15	decode_oc	28.927	47.383	3.3417
screen	archive__wayback-search__1440x900__dpr1.png	15	restored	29.650	51.315	2.9567
screen	archive__wayback-search__1440x900__dpr1.png	15	restored_oc	31.191	58.071	2.8877
screen	archive__wayback-search__1440x900__dpr1.png	35	lattice_floor	40.801	90.268	0.3839
screen	archive__wayback-search__1440x900__dpr1.png	35	lattice_jbu	45.739	92.972	0.2113
screen	archive__wayback-search__1440x900__dpr1.png	35	decode	30.287	59.328	2.2584
screen	archive__wayback-search__1440x900__dpr1.png	35	decode_oc	32.279	65.273	2.1013
screen	archive__wayback-search__1440x900__dpr1.png	35	restored	33.201	68.814	1.6535
screen	archive__wayback-search__1440x900__dpr1.png	35	restored_oc	35.004	74.607	1.5494
screen	archive__wayback-search__1440x900__dpr1.png	55	lattice_floor	40.801	90.268	0.3839
screen	archive__wayback-search__1440x900__dpr1.png	55	lattice_jbu	45.739	92.972	0.2113
screen	archive__wayback-search__1440x900__dpr1.png	55	decode	31.968	67.077	1.8603
screen	archive__wayback-search__1440x900__dpr1.png	55	decode_oc	34.432	71.469	1.7046
screen	archive__wayback-search__1440x900__dpr1.png	55	restored	35.137	75.426	1.3088
screen	archive__wayback-search__1440x900__dpr1.png	55	restored_oc	37.231	79.808	1.2072
screen	archive__wayback-search__1440x900__dpr1.png	75	lattice_floor	40.801	90.268	0.3839
screen	archive__wayback-search__1440x900__dpr1.png	75	lattice_jbu	45.739	92.972	0.2113
screen	archive__wayback-search__1440x900__dpr1.png	75	decode	33.971	75.104	1.4084
screen	archive__wayback-search__1440x900__dpr1.png	75	decode_oc	37.402	78.978	1.2603
screen	archive__wayback-search__1440x900__dpr1.png	75	restored	37.470	81.447	0.9738
screen	archive__wayback-search__1440x900__dpr1.png	75	restored_oc	40.330	85.403	0.8787
screen	archive__wayback-search__1440x900__dpr1.png	90	lattice_floor	40.801	90.268	0.3839
screen	archive__wayback-search__1440x900__dpr1.png	90	lattice_jbu	45.739	92.972	0.2113
screen	archive__wayback-search__1440x900__dpr1.png	90	decode	36.843	83.513	0.9108
screen	archive__wayback-search__1440x900__dpr1.png	90	decode_oc	42.603	87.347	0.7435
screen	archive__wayback-search__1440x900__dpr1.png	90	restored	40.726	87.753	0.6035
screen	archive__wayback-search__1440x900__dpr1.png	90	restored_oc	45.678	90.844	0.4957
screen	archives__exhibits__1440x900__dpr1.png	15	lattice_floor	37.615	86.224	0.8861
screen	archives__exhibits__1440x900__dpr1.png	15	lattice_jbu	36.764	77.589	1.0516
screen	archives__exhibits__1440x900__dpr1.png	15	decode	25.233	33.674	4.2856
screen	archives__exhibits__1440x900__dpr1.png	15	decode_oc	26.048	37.667	4.2448
screen	archives__exhibits__1440x900__dpr1.png	15	restored	28.187	52.069	3.1225
screen	archives__exhibits__1440x900__dpr1.png	15	restored_oc	29.002	54.469	3.0742
screen	archives__exhibits__1440x900__dpr1.png	35	lattice_floor	37.615	86.224	0.8861
screen	archives__exhibits__1440x900__dpr1.png	35	lattice_jbu	36.764	77.589	1.0516
screen	archives__exhibits__1440x900__dpr1.png	35	decode	28.454	49.327	2.8214
screen	archives__exhibits__1440x900__dpr1.png	35	decode_oc	30.021	53.201	2.7514
screen	archives__exhibits__1440x900__dpr1.png	35	restored	31.837	68.094	1.7708
screen	archives__exhibits__1440x900__dpr1.png	35	restored_oc	33.271	70.531	1.7153
screen	archives__exhibits__1440x900__dpr1.png	55	lattice_floor	37.615	86.224	0.8861
screen	archives__exhibits__1440x900__dpr1.png	55	lattice_jbu	36.764	77.589	1.0516
screen	archives__exhibits__1440x900__dpr1.png	55	decode	30.556	59.492	2.1537
screen	archives__exhibits__1440x900__dpr1.png	55	decode_oc	32.837	63.623	2.0650
screen	archives__exhibits__1440x900__dpr1.png	55	restored	34.148	75.748	1.2553
screen	archives__exhibits__1440x900__dpr1.png	55	restored_oc	36.153	78.122	1.1920
screen	archives__exhibits__1440x900__dpr1.png	75	lattice_floor	37.615	86.224	0.8861
screen	archives__exhibits__1440x900__dpr1.png	75	lattice_jbu	36.764	77.589	1.0516
screen	archives__exhibits__1440x900__dpr1.png	75	decode	33.368	71.237	1.5169
screen	archives__exhibits__1440x900__dpr1.png	75	decode_oc	36.915	75.089	1.3983
screen	archives__exhibits__1440x900__dpr1.png	75	restored	37.141	83.163	0.8467
screen	archives__exhibits__1440x900__dpr1.png	75	restored_oc	40.243	85.053	0.7723
screen	archives__exhibits__1440x900__dpr1.png	90	lattice_floor	37.615	86.224	0.8861
screen	archives__exhibits__1440x900__dpr1.png	90	lattice_jbu	36.764	77.589	1.0516
screen	archives__exhibits__1440x900__dpr1.png	90	decode	36.347	81.985	1.0201
screen	archives__exhibits__1440x900__dpr1.png	90	decode_oc	43.562	86.424	0.7572
screen	archives__exhibits__1440x900__dpr1.png	90	restored	40.530	88.754	0.5622
screen	archives__exhibits__1440x900__dpr1.png	90	restored_oc	46.521	90.526	0.4047
documents	office_census-acs-2024_questionnaire_p01_page1.png	15	lattice_floor	40.362	89.313	0.5145
documents	office_census-acs-2024_questionnaire_p01_page1.png	15	lattice_jbu	47.591	90.705	0.3039
documents	office_census-acs-2024_questionnaire_p01_page1.png	15	decode	28.003	41.275	2.8279
documents	office_census-acs-2024_questionnaire_p01_page1.png	15	decode_oc	30.507	59.842	2.4462
documents	office_census-acs-2024_questionnaire_p01_page1.png	15	restored	30.278	52.091	2.6966
documents	office_census-acs-2024_questionnaire_p01_page1.png	15	restored_oc	33.189	70.857	1.8024
documents	office_census-acs-2024_questionnaire_p01_page1.png	35	lattice_floor	40.362	89.313	0.5145
documents	office_census-acs-2024_questionnaire_p01_page1.png	35	lattice_jbu	47.591	90.705	0.3039
documents	office_census-acs-2024_questionnaire_p01_page1.png	35	decode	30.259	60.685	1.8465
documents	office_census-acs-2024_questionnaire_p01_page1.png	35	decode_oc	33.350	71.955	1.6609
documents	office_census-acs-2024_questionnaire_p01_page1.png	35	restored	33.435	69.854	1.5033
documents	office_census-acs-2024_questionnaire_p01_page1.png	35	restored_oc	36.536	79.987	1.1472
documents	office_census-acs-2024_questionnaire_p01_page1.png	55	lattice_floor	40.362	89.313	0.5145
documents	office_census-acs-2024_questionnaire_p01_page1.png	55	lattice_jbu	47.591	90.705	0.3039
documents	office_census-acs-2024_questionnaire_p01_page1.png	55	decode	31.318	64.263	2.2962
documents	office_census-acs-2024_questionnaire_p01_page1.png	55	decode_oc	34.656	71.608	2.3812
documents	office_census-acs-2024_questionnaire_p01_page1.png	55	restored	34.567	73.340	2.1596
documents	office_census-acs-2024_questionnaire_p01_page1.png	55	restored_oc	37.620	80.069	2.3486
documents	office_census-acs-2024_questionnaire_p01_page1.png	75	lattice_floor	40.362	89.313	0.5145
documents	office_census-acs-2024_questionnaire_p01_page1.png	75	lattice_jbu	47.591	90.705	0.3039
documents	office_census-acs-2024_questionnaire_p01_page1.png	75	decode	33.425	71.844	1.3891
documents	office_census-acs-2024_questionnaire_p01_page1.png	75	decode_oc	37.565	78.697	1.3175
documents	office_census-acs-2024_questionnaire_p01_page1.png	75	restored	36.747	78.997	1.2483
documents	office_census-acs-2024_questionnaire_p01_page1.png	75	restored_oc	40.711	85.756	1.1901
documents	office_census-acs-2024_questionnaire_p01_page1.png	90	lattice_floor	40.362	89.313	0.5145
documents	office_census-acs-2024_questionnaire_p01_page1.png	90	lattice_jbu	47.591	90.705	0.3039
documents	office_census-acs-2024_questionnaire_p01_page1.png	90	decode	37.215	80.816	1.1898
documents	office_census-acs-2024_questionnaire_p01_page1.png	90	decode_oc	42.783	85.714	1.1881
documents	office_census-acs-2024_questionnaire_p01_page1.png	90	restored	40.854	85.164	1.0344
documents	office_census-acs-2024_questionnaire_p01_page1.png	90	restored_oc	45.353	89.931	1.1768
documents	office_fec-form3_campaign-finance_p01_page1.png	15	lattice_floor	67.984	94.752	0.0124
documents	office_fec-form3_campaign-finance_p01_page1.png	15	lattice_jbu	74.491	94.943	0.0239
documents	office_fec-form3_campaign-finance_p01_page1.png	15	decode	31.729	65.163	2.4185
documents	office_fec-form3_campaign-finance_p01_page1.png	15	decode_oc	31.755	65.513	2.4199
documents	office_fec-form3_campaign-finance_p01_page1.png	15	restored	34.877	74.382	1.7419
documents	office_fec-form3_campaign-finance_p01_page1.png	15	restored_oc	34.937	74.578	1.7160
documents	office_fec-form3_campaign-finance_p01_page1.png	35	lattice_floor	67.984	94.752	0.0124
documents	office_fec-form3_campaign-finance_p01_page1.png	35	lattice_jbu	74.491	94.943	0.0239
documents	office_fec-form3_campaign-finance_p01_page1.png	35	decode	34.977	72.583	1.6813
documents	office_fec-form3_campaign-finance_p01_page1.png	35	decode_oc	35.017	72.948	1.6813
documents	office_fec-form3_campaign-finance_p01_page1.png	35	restored	38.439	81.304	1.0621
documents	office_fec-form3_campaign-finance_p01_page1.png	35	restored_oc	38.499	81.758	1.0602
documents	office_fec-form3_campaign-finance_p01_page1.png	55	lattice_floor	67.984	94.752	0.0124
documents	office_fec-form3_campaign-finance_p01_page1.png	55	lattice_jbu	74.491	94.943	0.0239
documents	office_fec-form3_campaign-finance_p01_page1.png	55	decode	37.319	77.147	1.3385
documents	office_fec-form3_campaign-finance_p01_page1.png	55	decode_oc	37.383	77.632	1.3368
documents	office_fec-form3_campaign-finance_p01_page1.png	55	restored	40.819	84.787	0.7998
documents	office_fec-form3_campaign-finance_p01_page1.png	55	restored_oc	40.919	85.334	0.7972
documents	office_fec-form3_campaign-finance_p01_page1.png	75	lattice_floor	67.984	94.752	0.0124
documents	office_fec-form3_campaign-finance_p01_page1.png	75	lattice_jbu	74.491	94.943	0.0239
documents	office_fec-form3_campaign-finance_p01_page1.png	75	decode	40.989	83.020	0.9106
documents	office_fec-form3_campaign-finance_p01_page1.png	75	decode_oc	41.109	84.110	0.9084
documents	office_fec-form3_campaign-finance_p01_page1.png	75	restored	44.281	88.107	0.5401
documents	office_fec-form3_campaign-finance_p01_page1.png	75	restored_oc	44.479	88.954	0.5340
documents	office_fec-form3_campaign-finance_p01_page1.png	90	lattice_floor	67.984	94.752	0.0124
documents	office_fec-form3_campaign-finance_p01_page1.png	90	lattice_jbu	74.491	94.943	0.0239
documents	office_fec-form3_campaign-finance_p01_page1.png	90	decode	47.498	89.370	0.4765
documents	office_fec-form3_campaign-finance_p01_page1.png	90	decode_oc	47.870	90.658	0.4741
documents	office_fec-form3_campaign-finance_p01_page1.png	90	restored	50.548	91.879	0.2837
documents	office_fec-form3_campaign-finance_p01_page1.png	90	restored_oc	50.898	92.604	0.2819
documents	office_fedreg-2026-10621_rule_p01_page1.png	15	lattice_floor	99.000	100.000	0.0000
documents	office_fedreg-2026-10621_rule_p01_page1.png	15	lattice_jbu	46.542	86.765	0.4903
documents	office_fedreg-2026-10621_rule_p01_page1.png	15	decode	24.604	46.880	3.9101
documents	office_fedreg-2026-10621_rule_p01_page1.png	15	decode_oc	24.604	46.880	3.9101
documents	office_fedreg-2026-10621_rule_p01_page1.png	15	restored	27.526	61.940	2.9841
documents	office_fedreg-2026-10621_rule_p01_page1.png	15	restored_oc	27.527	61.932	2.9814
documents	office_fedreg-2026-10621_rule_p01_page1.png	35	lattice_floor	99.000	100.000	0.0000
documents	office_fedreg-2026-10621_rule_p01_page1.png	35	lattice_jbu	46.542	86.765	0.4903
documents	office_fedreg-2026-10621_rule_p01_page1.png	35	decode	28.511	61.906	2.3780
documents	office_fedreg-2026-10621_rule_p01_page1.png	35	decode_oc	28.511	61.906	2.3780
documents	office_fedreg-2026-10621_rule_p01_page1.png	35	restored	31.694	74.583	1.6051
documents	office_fedreg-2026-10621_rule_p01_page1.png	35	restored_oc	31.693	74.712	1.6057
documents	office_fedreg-2026-10621_rule_p01_page1.png	55	lattice_floor	99.000	100.000	0.0000
documents	office_fedreg-2026-10621_rule_p01_page1.png	55	lattice_jbu	46.542	86.765	0.4903
documents	office_fedreg-2026-10621_rule_p01_page1.png	55	decode	30.989	70.182	1.8355
documents	office_fedreg-2026-10621_rule_p01_page1.png	55	decode_oc	30.989	70.182	1.8355
documents	office_fedreg-2026-10621_rule_p01_page1.png	55	restored	34.250	80.779	1.1552
documents	office_fedreg-2026-10621_rule_p01_page1.png	55	restored_oc	34.247	80.911	1.1549
documents	office_fedreg-2026-10621_rule_p01_page1.png	75	lattice_floor	99.000	100.000	0.0000
documents	office_fedreg-2026-10621_rule_p01_page1.png	75	lattice_jbu	46.542	86.765	0.4903
documents	office_fedreg-2026-10621_rule_p01_page1.png	75	decode	34.670	79.240	1.2294
documents	office_fedreg-2026-10621_rule_p01_page1.png	75	decode_oc	34.670	79.240	1.2294
documents	office_fedreg-2026-10621_rule_p01_page1.png	75	restored	37.923	86.730	0.7362
documents	office_fedreg-2026-10621_rule_p01_page1.png	75	restored_oc	37.915	86.906	0.7368
documents	office_fedreg-2026-10621_rule_p01_page1.png	90	lattice_floor	99.000	100.000	0.0000
documents	office_fedreg-2026-10621_rule_p01_page1.png	90	lattice_jbu	46.542	86.765	0.4903
documents	office_fedreg-2026-10621_rule_p01_page1.png	90	decode	41.705	89.733	0.5912
documents	office_fedreg-2026-10621_rule_p01_page1.png	90	decode_oc	41.705	89.733	0.5912
documents	office_fedreg-2026-10621_rule_p01_page1.png	90	restored	44.312	92.332	0.3719
documents	office_fedreg-2026-10621_rule_p01_page1.png	90	restored_oc	44.264	92.624	0.3706
art-scans	haeckel_0007_cephalopods.png	15	lattice_floor	42.311	89.643	0.7269
art-scans	haeckel_0007_cephalopods.png	15	lattice_jbu	38.197	86.024	1.0558
art-scans	haeckel_0007_cephalopods.png	15	decode	28.866	41.384	3.2113
art-scans	haeckel_0007_cephalopods.png	15	decode_oc	32.524	58.599	2.3299
art-scans	haeckel_0007_cephalopods.png	15	restored	29.475	47.053	3.1568
art-scans	haeckel_0007_cephalopods.png	15	restored_oc	33.313	62.839	2.2286
art-scans	haeckel_0007_cephalopods.png	35	lattice_floor	42.311	89.643	0.7269
art-scans	haeckel_0007_cephalopods.png	35	lattice_jbu	38.197	86.024	1.0558
art-scans	haeckel_0007_cephalopods.png	35	decode	31.617	66.506	1.9847
art-scans	haeckel_0007_cephalopods.png	35	decode_oc	36.155	77.969	1.3335
art-scans	haeckel_0007_cephalopods.png	35	restored	32.127	68.394	1.9454
art-scans	haeckel_0007_cephalopods.png	35	restored_oc	37.007	79.674	1.2263
art-scans	haeckel_0007_cephalopods.png	55	lattice_floor	42.311	89.643	0.7269
art-scans	haeckel_0007_cephalopods.png	55	lattice_jbu	38.197	86.024	1.0558
art-scans	haeckel_0007_cephalopods.png	55	decode	33.045	73.325	1.4159
art-scans	haeckel_0007_cephalopods.png	55	decode_oc	38.000	82.615	1.0358
art-scans	haeckel_0007_cephalopods.png	55	restored	33.464	74.609	1.3722
art-scans	haeckel_0007_cephalopods.png	55	restored_oc	38.782	84.053	0.9440
art-scans	haeckel_0007_cephalopods.png	75	lattice_floor	42.311	89.643	0.7269
art-scans	haeckel_0007_cephalopods.png	75	lattice_jbu	38.197	86.024	1.0558
art-scans	haeckel_0007_cephalopods.png	75	decode	34.951	79.993	1.0860
art-scans	haeckel_0007_cephalopods.png	75	decode_oc	40.433	86.806	0.7717
art-scans	haeckel_0007_cephalopods.png	75	restored	35.265	80.686	1.0518
art-scans	haeckel_0007_cephalopods.png	75	restored_oc	41.065	87.932	0.7462
art-scans	haeckel_0007_cephalopods.png	90	lattice_floor	42.311	89.643	0.7269
art-scans	haeckel_0007_cephalopods.png	90	lattice_jbu	38.197	86.024	1.0558
art-scans	haeckel_0007_cephalopods.png	90	decode	38.299	86.422	0.8286
art-scans	haeckel_0007_cephalopods.png	90	decode_oc	44.819	90.508	0.5166
art-scans	haeckel_0007_cephalopods.png	90	restored	38.497	86.771	0.7405
art-scans	haeckel_0007_cephalopods.png	90	restored_oc	45.263	91.117	0.4837
art-scans	haeckel_0034_radiolaria-green.png	15	lattice_floor	34.579	89.376	0.6230
art-scans	haeckel_0034_radiolaria-green.png	15	lattice_jbu	32.435	84.828	1.1245
art-scans	haeckel_0034_radiolaria-green.png	15	decode	23.650	40.502	3.4411
art-scans	haeckel_0034_radiolaria-green.png	15	decode_oc	29.890	65.982	2.1511
art-scans	haeckel_0034_radiolaria-green.png	15	restored	24.688	45.058	3.1470
art-scans	haeckel_0034_radiolaria-green.png	15	restored_oc	30.732	67.994	2.0479
art-scans	haeckel_0034_radiolaria-green.png	35	lattice_floor	34.579	89.376	0.6230
art-scans	haeckel_0034_radiolaria-green.png	35	lattice_jbu	32.435	84.828	1.1245
art-scans	haeckel_0034_radiolaria-green.png	35	decode	26.245	63.741	2.2122
art-scans	haeckel_0034_radiolaria-green.png	35	decode_oc	33.965	81.488	1.1667
art-scans	haeckel_0034_radiolaria-green.png	35	restored	27.215	66.253	2.0728
art-scans	haeckel_0034_radiolaria-green.png	35	restored_oc	34.664	82.644	1.0980
art-scans	haeckel_0034_radiolaria-green.png	55	lattice_floor	34.579	89.376	0.6230
art-scans	haeckel_0034_radiolaria-green.png	55	lattice_jbu	32.435	84.828	1.1245
art-scans	haeckel_0034_radiolaria-green.png	55	decode	27.678	71.062	1.8060
art-scans	haeckel_0034_radiolaria-green.png	55	decode_oc	35.980	85.930	0.8863
art-scans	haeckel_0034_radiolaria-green.png	55	restored	28.535	72.700	1.7451
art-scans	haeckel_0034_radiolaria-green.png	55	restored_oc	36.571	86.876	0.8298
art-scans	haeckel_0034_radiolaria-green.png	75	lattice_floor	34.579	89.376	0.6230
art-scans	haeckel_0034_radiolaria-green.png	75	lattice_jbu	32.435	84.828	1.1245
art-scans	haeckel_0034_radiolaria-green.png	75	decode	29.636	77.978	1.3394
art-scans	haeckel_0034_radiolaria-green.png	75	decode_oc	38.479	89.671	0.6460
art-scans	haeckel_0034_radiolaria-green.png	75	restored	30.277	78.885	1.2965
art-scans	haeckel_0034_radiolaria-green.png	75	restored_oc	38.960	90.280	0.5990
art-scans	haeckel_0034_radiolaria-green.png	90	lattice_floor	34.579	89.376	0.6230
art-scans	haeckel_0034_radiolaria-green.png	90	lattice_jbu	32.435	84.828	1.1245
art-scans	haeckel_0034_radiolaria-green.png	90	decode	32.426	85.108	0.8671
art-scans	haeckel_0034_radiolaria-green.png	90	decode_oc	42.859	93.533	0.3789
art-scans	haeckel_0034_radiolaria-green.png	90	restored	32.948	85.853	0.8267
art-scans	haeckel_0034_radiolaria-green.png	90	restored_oc	43.150	93.747	0.3704
art-scans	haeckel_0040_starfish.png	15	lattice_floor	31.107	79.134	1.4687
art-scans	haeckel_0040_starfish.png	15	lattice_jbu	29.209	72.199	1.8858
art-scans	haeckel_0040_starfish.png	15	decode	22.341	13.511	5.5672
art-scans	haeckel_0040_starfish.png	15	decode_oc	30.216	61.460	2.0800
art-scans	haeckel_0040_starfish.png	15	restored	22.817	17.326	5.2442
art-scans	haeckel_0040_starfish.png	15	restored_oc	30.754	62.181	2.0451
art-scans	haeckel_0040_starfish.png	35	lattice_floor	31.107	79.134	1.4687
art-scans	haeckel_0040_starfish.png	35	lattice_jbu	29.209	72.199	1.8858
art-scans	haeckel_0040_starfish.png	35	decode	24.128	38.900	3.9995
art-scans	haeckel_0040_starfish.png	35	decode_oc	33.964	78.552	1.2086
art-scans	haeckel_0040_starfish.png	35	restored	24.506	41.254	3.8521
art-scans	haeckel_0040_starfish.png	35	restored_oc	34.457	79.046	1.1718
art-scans	haeckel_0040_starfish.png	55	lattice_floor	31.107	79.134	1.4687
art-scans	haeckel_0040_starfish.png	55	lattice_jbu	29.209	72.199	1.8858
art-scans	haeckel_0040_starfish.png	55	decode	25.572	51.081	3.2072
art-scans	haeckel_0040_starfish.png	55	decode_oc	35.905	84.132	0.9294
art-scans	haeckel_0040_starfish.png	55	restored	25.885	52.950	3.0676
art-scans	haeckel_0040_starfish.png	55	restored_oc	36.318	84.503	0.9020
art-scans	haeckel_0040_starfish.png	75	lattice_floor	31.107	79.134	1.4687
art-scans	haeckel_0040_starfish.png	75	lattice_jbu	29.209	72.199	1.8858
art-scans	haeckel_0040_starfish.png	75	decode	27.652	64.402	2.3537
art-scans	haeckel_0040_starfish.png	75	decode_oc	38.411	88.852	0.6624
art-scans	haeckel_0040_starfish.png	75	restored	27.863	65.528	2.2692
art-scans	haeckel_0040_starfish.png	75	restored_oc	38.692	89.074	0.6464
art-scans	haeckel_0040_starfish.png	90	lattice_floor	31.107	79.134	1.4687
art-scans	haeckel_0040_starfish.png	90	lattice_jbu	29.209	72.199	1.8858
art-scans	haeckel_0040_starfish.png	90	decode	29.983	75.576	1.6401
art-scans	haeckel_0040_starfish.png	90	decode_oc	42.875	93.207	0.3810
art-scans	haeckel_0040_starfish.png	90	restored	30.334	77.115	1.5240
art-scans	haeckel_0040_starfish.png	90	restored_oc	42.980	93.260	0.3772
maps	nps_nps-bibe-2023-Wild-and-Scenic-Rivers-Brochure_p01.png	15	lattice_floor	49.242	93.974	0.1412
maps	nps_nps-bibe-2023-Wild-and-Scenic-Rivers-Brochure_p01.png	15	lattice_jbu	54.540	93.666	0.1145
maps	nps_nps-bibe-2023-Wild-and-Scenic-Rivers-Brochure_p01.png	15	decode	27.457	31.374	3.1410
maps	nps_nps-bibe-2023-Wild-and-Scenic-Rivers-Brochure_p01.png	15	decode_oc	28.102	41.733	2.9054
maps	nps_nps-bibe-2023-Wild-and-Scenic-Rivers-Brochure_p01.png	15	restored	29.931	44.331	2.7925
maps	nps_nps-bibe-2023-Wild-and-Scenic-Rivers-Brochure_p01.png	15	restored_oc	31.013	54.783	2.2995
maps	nps_nps-bibe-2023-Wild-and-Scenic-Rivers-Brochure_p01.png	35	lattice_floor	49.242	93.974	0.1412
maps	nps_nps-bibe-2023-Wild-and-Scenic-Rivers-Brochure_p01.png	35	lattice_jbu	54.540	93.666	0.1145
maps	nps_nps-bibe-2023-Wild-and-Scenic-Rivers-Brochure_p01.png	35	decode	30.533	57.786	2.0464
maps	nps_nps-bibe-2023-Wild-and-Scenic-Rivers-Brochure_p01.png	35	decode_oc	31.274	64.962	1.9599
maps	nps_nps-bibe-2023-Wild-and-Scenic-Rivers-Brochure_p01.png	35	restored	33.328	66.398	1.6242
maps	nps_nps-bibe-2023-Wild-and-Scenic-Rivers-Brochure_p01.png	35	restored_oc	34.368	73.571	1.4841
maps	nps_nps-bibe-2023-Wild-and-Scenic-Rivers-Brochure_p01.png	55	lattice_floor	49.242	93.974	0.1412
maps	nps_nps-bibe-2023-Wild-and-Scenic-Rivers-Brochure_p01.png	55	lattice_jbu	54.540	93.666	0.1145
maps	nps_nps-bibe-2023-Wild-and-Scenic-Rivers-Brochure_p01.png	55	decode	32.496	67.715	1.7223
maps	nps_nps-bibe-2023-Wild-and-Scenic-Rivers-Brochure_p01.png	55	decode_oc	33.422	73.441	1.6226
maps	nps_nps-bibe-2023-Wild-and-Scenic-Rivers-Brochure_p01.png	55	restored	35.236	74.195	1.3412
maps	nps_nps-bibe-2023-Wild-and-Scenic-Rivers-Brochure_p01.png	55	restored_oc	36.485	79.893	1.1856
maps	nps_nps-bibe-2023-Wild-and-Scenic-Rivers-Brochure_p01.png	75	lattice_floor	49.242	93.974	0.1412
maps	nps_nps-bibe-2023-Wild-and-Scenic-Rivers-Brochure_p01.png	75	lattice_jbu	54.540	93.666	0.1145
maps	nps_nps-bibe-2023-Wild-and-Scenic-Rivers-Brochure_p01.png	75	decode	35.313	74.608	1.3164
maps	nps_nps-bibe-2023-Wild-and-Scenic-Rivers-Brochure_p01.png	75	decode_oc	36.596	79.594	1.2475
maps	nps_nps-bibe-2023-Wild-and-Scenic-Rivers-Brochure_p01.png	75	restored	37.978	79.849	1.0166
maps	nps_nps-bibe-2023-Wild-and-Scenic-Rivers-Brochure_p01.png	75	restored_oc	39.587	84.880	0.9022
maps	nps_nps-bibe-2023-Wild-and-Scenic-Rivers-Brochure_p01.png	90	lattice_floor	49.242	93.974	0.1412
maps	nps_nps-bibe-2023-Wild-and-Scenic-Rivers-Brochure_p01.png	90	lattice_jbu	54.540	93.666	0.1145
maps	nps_nps-bibe-2023-Wild-and-Scenic-Rivers-Brochure_p01.png	90	decode	39.996	83.911	0.7953
maps	nps_nps-bibe-2023-Wild-and-Scenic-Rivers-Brochure_p01.png	90	decode_oc	42.663	88.016	0.7286
maps	nps_nps-bibe-2023-Wild-and-Scenic-Rivers-Brochure_p01.png	90	restored	42.306	86.928	0.6841
maps	nps_nps-bibe-2023-Wild-and-Scenic-Rivers-Brochure_p01.png	90	restored_oc	45.319	90.815	0.5680
maps	nps_nps-bibe-2023-Wild-and-Scenic-Rivers-Brochure_p02.png	15	lattice_floor	58.117	93.665	0.1144
maps	nps_nps-bibe-2023-Wild-and-Scenic-Rivers-Brochure_p02.png	15	lattice_jbu	55.433	93.213	0.1847
maps	nps_nps-bibe-2023-Wild-and-Scenic-Rivers-Brochure_p02.png	15	decode	34.066	11.993	3.4371
maps	nps_nps-bibe-2023-Wild-and-Scenic-Rivers-Brochure_p02.png	15	decode_oc	35.899	19.408	2.8281
maps	nps_nps-bibe-2023-Wild-and-Scenic-Rivers-Brochure_p02.png	15	restored	34.959	34.081	3.1798
maps	nps_nps-bibe-2023-Wild-and-Scenic-Rivers-Brochure_p02.png	15	restored_oc	36.753	40.504	2.3912
maps	nps_nps-bibe-2023-Wild-and-Scenic-Rivers-Brochure_p02.png	35	lattice_floor	58.117	93.665	0.1144
maps	nps_nps-bibe-2023-Wild-and-Scenic-Rivers-Brochure_p02.png	35	lattice_jbu	55.433	93.213	0.1847
maps	nps_nps-bibe-2023-Wild-and-Scenic-Rivers-Brochure_p02.png	35	decode	38.004	54.999	1.7071
maps	nps_nps-bibe-2023-Wild-and-Scenic-Rivers-Brochure_p02.png	35	decode_oc	39.179	60.221	1.6031
maps	nps_nps-bibe-2023-Wild-and-Scenic-Rivers-Brochure_p02.png	35	restored	38.667	63.713	1.5620
maps	nps_nps-bibe-2023-Wild-and-Scenic-Rivers-Brochure_p02.png	35	restored_oc	39.909	67.960	1.4003
maps	nps_nps-bibe-2023-Wild-and-Scenic-Rivers-Brochure_p02.png	55	lattice_floor	58.117	93.665	0.1144
maps	nps_nps-bibe-2023-Wild-and-Scenic-Rivers-Brochure_p02.png	55	lattice_jbu	55.433	93.213	0.1847
maps	nps_nps-bibe-2023-Wild-and-Scenic-Rivers-Brochure_p02.png	55	decode	39.420	68.141	1.4309
maps	nps_nps-bibe-2023-Wild-and-Scenic-Rivers-Brochure_p02.png	55	decode_oc	40.951	72.097	1.2633
maps	nps_nps-bibe-2023-Wild-and-Scenic-Rivers-Brochure_p02.png	55	restored	40.171	72.659	1.3011
maps	nps_nps-bibe-2023-Wild-and-Scenic-Rivers-Brochure_p02.png	55	restored_oc	41.673	76.367	1.1043
maps	nps_nps-bibe-2023-Wild-and-Scenic-Rivers-Brochure_p02.png	75	lattice_floor	58.117	93.665	0.1144
maps	nps_nps-bibe-2023-Wild-and-Scenic-Rivers-Brochure_p02.png	75	lattice_jbu	55.433	93.213	0.1847
maps	nps_nps-bibe-2023-Wild-and-Scenic-Rivers-Brochure_p02.png	75	decode	42.152	78.599	0.9592
maps	nps_nps-bibe-2023-Wild-and-Scenic-Rivers-Brochure_p02.png	75	decode_oc	43.419	82.795	0.9170
maps	nps_nps-bibe-2023-Wild-and-Scenic-Rivers-Brochure_p02.png	75	restored	42.855	80.210	0.8637
maps	nps_nps-bibe-2023-Wild-and-Scenic-Rivers-Brochure_p02.png	75	restored_oc	44.167	83.925	0.8058
maps	nps_nps-bibe-2023-Wild-and-Scenic-Rivers-Brochure_p02.png	90	lattice_floor	58.117	93.665	0.1144
maps	nps_nps-bibe-2023-Wild-and-Scenic-Rivers-Brochure_p02.png	90	lattice_jbu	55.433	93.213	0.1847
maps	nps_nps-bibe-2023-Wild-and-Scenic-Rivers-Brochure_p02.png	90	decode	46.203	88.020	0.5876
maps	nps_nps-bibe-2023-Wild-and-Scenic-Rivers-Brochure_p02.png	90	decode_oc	47.863	89.903	0.5758
maps	nps_nps-bibe-2023-Wild-and-Scenic-Rivers-Brochure_p02.png	90	restored	46.663	88.009	0.5119
maps	nps_nps-bibe-2023-Wild-and-Scenic-Rivers-Brochure_p02.png	90	restored_oc	48.682	90.274	0.4786
maps	nps_nps-biho-FINAL-VERSION_BIHO-unigrid_Side-1_X3_compressed-for-web-6_p01.png	15	lattice_floor	46.324	93.575	0.2747
maps	nps_nps-biho-FINAL-VERSION_BIHO-unigrid_Side-1_X3_compressed-for-web-6_p01.png	15	lattice_jbu	47.395	93.804	0.2061
maps	nps_nps-biho-FINAL-VERSION_BIHO-unigrid_Side-1_X3_compressed-for-web-6_p01.png	15	decode	31.850	32.629	4.3345
maps	nps_nps-biho-FINAL-VERSION_BIHO-unigrid_Side-1_X3_compressed-for-web-6_p01.png	15	decode_oc	33.190	41.639	3.7719
maps	nps_nps-biho-FINAL-VERSION_BIHO-unigrid_Side-1_X3_compressed-for-web-6_p01.png	15	restored	34.117	44.468	4.2701
maps	nps_nps-biho-FINAL-VERSION_BIHO-unigrid_Side-1_X3_compressed-for-web-6_p01.png	15	restored_oc	35.670	51.790	3.6914
maps	nps_nps-biho-FINAL-VERSION_BIHO-unigrid_Side-1_X3_compressed-for-web-6_p01.png	35	lattice_floor	46.324	93.575	0.2747
maps	nps_nps-biho-FINAL-VERSION_BIHO-unigrid_Side-1_X3_compressed-for-web-6_p01.png	35	lattice_jbu	47.395	93.804	0.2061
maps	nps_nps-biho-FINAL-VERSION_BIHO-unigrid_Side-1_X3_compressed-for-web-6_p01.png	35	decode	35.228	63.684	2.0641
maps	nps_nps-biho-FINAL-VERSION_BIHO-unigrid_Side-1_X3_compressed-for-web-6_p01.png	35	decode_oc	36.986	69.752	1.6161
maps	nps_nps-biho-FINAL-VERSION_BIHO-unigrid_Side-1_X3_compressed-for-web-6_p01.png	35	restored	37.258	69.361	2.0266
maps	nps_nps-biho-FINAL-VERSION_BIHO-unigrid_Side-1_X3_compressed-for-web-6_p01.png	35	restored_oc	39.376	75.019	1.4368
maps	nps_nps-biho-FINAL-VERSION_BIHO-unigrid_Side-1_X3_compressed-for-web-6_p01.png	55	lattice_floor	46.324	93.575	0.2747
maps	nps_nps-biho-FINAL-VERSION_BIHO-unigrid_Side-1_X3_compressed-for-web-6_p01.png	55	lattice_jbu	47.395	93.804	0.2061
maps	nps_nps-biho-FINAL-VERSION_BIHO-unigrid_Side-1_X3_compressed-for-web-6_p01.png	55	decode	37.121	73.350	1.3012
maps	nps_nps-biho-FINAL-VERSION_BIHO-unigrid_Side-1_X3_compressed-for-web-6_p01.png	55	decode_oc	39.112	77.987	1.3552
maps	nps_nps-biho-FINAL-VERSION_BIHO-unigrid_Side-1_X3_compressed-for-web-6_p01.png	55	restored	39.040	77.305	1.1530
maps	nps_nps-biho-FINAL-VERSION_BIHO-unigrid_Side-1_X3_compressed-for-web-6_p01.png	55	restored_oc	41.338	81.571	1.2765
maps	nps_nps-biho-FINAL-VERSION_BIHO-unigrid_Side-1_X3_compressed-for-web-6_p01.png	75	lattice_floor	46.324	93.575	0.2747
maps	nps_nps-biho-FINAL-VERSION_BIHO-unigrid_Side-1_X3_compressed-for-web-6_p01.png	75	lattice_jbu	47.395	93.804	0.2061
maps	nps_nps-biho-FINAL-VERSION_BIHO-unigrid_Side-1_X3_compressed-for-web-6_p01.png	75	decode	39.274	80.664	1.0371
maps	nps_nps-biho-FINAL-VERSION_BIHO-unigrid_Side-1_X3_compressed-for-web-6_p01.png	75	decode_oc	41.995	84.295	0.9097
maps	nps_nps-biho-FINAL-VERSION_BIHO-unigrid_Side-1_X3_compressed-for-web-6_p01.png	75	restored	41.105	83.438	0.9463
maps	nps_nps-biho-FINAL-VERSION_BIHO-unigrid_Side-1_X3_compressed-for-web-6_p01.png	75	restored_oc	44.079	87.087	0.7286
maps	nps_nps-biho-FINAL-VERSION_BIHO-unigrid_Side-1_X3_compressed-for-web-6_p01.png	90	lattice_floor	46.324	93.575	0.2747
maps	nps_nps-biho-FINAL-VERSION_BIHO-unigrid_Side-1_X3_compressed-for-web-6_p01.png	90	lattice_jbu	47.395	93.804	0.2061
maps	nps_nps-biho-FINAL-VERSION_BIHO-unigrid_Side-1_X3_compressed-for-web-6_p01.png	90	decode	42.191	88.298	0.7012
maps	nps_nps-biho-FINAL-VERSION_BIHO-unigrid_Side-1_X3_compressed-for-web-6_p01.png	90	decode_oc	47.051	90.558	0.5453
maps	nps_nps-biho-FINAL-VERSION_BIHO-unigrid_Side-1_X3_compressed-for-web-6_p01.png	90	restored	43.795	89.007	0.6831
maps	nps_nps-biho-FINAL-VERSION_BIHO-unigrid_Side-1_X3_compressed-for-web-6_p01.png	90	restored_oc	48.002	91.371	1.1695
renders	a-chosen-soul-MOIGsaj8te0-unsplash.jpg	15	lattice_floor	60.978	97.002	0.0392
renders	a-chosen-soul-MOIGsaj8te0-unsplash.jpg	15	lattice_jbu	57.611	96.360	0.0597
renders	a-chosen-soul-MOIGsaj8te0-unsplash.jpg	15	decode	33.295	23.545	2.1729
renders	a-chosen-soul-MOIGsaj8te0-unsplash.jpg	15	decode_oc	33.906	34.149	2.1367
renders	a-chosen-soul-MOIGsaj8te0-unsplash.jpg	15	restored	33.519	31.693	2.1393
renders	a-chosen-soul-MOIGsaj8te0-unsplash.jpg	15	restored_oc	34.091	39.365	2.1067
renders	a-chosen-soul-MOIGsaj8te0-unsplash.jpg	35	lattice_floor	60.978	97.002	0.0392
renders	a-chosen-soul-MOIGsaj8te0-unsplash.jpg	35	lattice_jbu	57.611	96.360	0.0597
renders	a-chosen-soul-MOIGsaj8te0-unsplash.jpg	35	decode	34.728	49.778	1.7083
renders	a-chosen-soul-MOIGsaj8te0-unsplash.jpg	35	decode_oc	34.984	54.551	1.6967
renders	a-chosen-soul-MOIGsaj8te0-unsplash.jpg	35	restored	34.912	51.082	1.7004
renders	a-chosen-soul-MOIGsaj8te0-unsplash.jpg	35	restored_oc	35.128	54.643	1.6907
renders	a-chosen-soul-MOIGsaj8te0-unsplash.jpg	55	lattice_floor	60.978	97.002	0.0392
renders	a-chosen-soul-MOIGsaj8te0-unsplash.jpg	55	lattice_jbu	57.611	96.360	0.0597
renders	a-chosen-soul-MOIGsaj8te0-unsplash.jpg	55	decode	35.477	55.678	1.4845
renders	a-chosen-soul-MOIGsaj8te0-unsplash.jpg	55	decode_oc	35.720	59.149	1.4782
renders	a-chosen-soul-MOIGsaj8te0-unsplash.jpg	55	restored	35.709	58.166	1.4683
renders	a-chosen-soul-MOIGsaj8te0-unsplash.jpg	55	restored_oc	35.898	60.855	1.4631
renders	a-chosen-soul-MOIGsaj8te0-unsplash.jpg	75	lattice_floor	60.978	97.002	0.0392
renders	a-chosen-soul-MOIGsaj8te0-unsplash.jpg	75	lattice_jbu	57.611	96.360	0.0597
renders	a-chosen-soul-MOIGsaj8te0-unsplash.jpg	75	decode	37.274	68.457	1.1766
renders	a-chosen-soul-MOIGsaj8te0-unsplash.jpg	75	decode_oc	37.433	70.680	1.1740
renders	a-chosen-soul-MOIGsaj8te0-unsplash.jpg	75	restored	37.237	65.795	1.1809
renders	a-chosen-soul-MOIGsaj8te0-unsplash.jpg	75	restored_oc	37.369	67.549	1.1782
renders	a-chosen-soul-MOIGsaj8te0-unsplash.jpg	90	lattice_floor	60.978	97.002	0.0392
renders	a-chosen-soul-MOIGsaj8te0-unsplash.jpg	90	lattice_jbu	57.611	96.360	0.0597
renders	a-chosen-soul-MOIGsaj8te0-unsplash.jpg	90	decode	52.711	92.977	0.1780
renders	a-chosen-soul-MOIGsaj8te0-unsplash.jpg	90	decode_oc	53.680	94.262	0.1792
renders	a-chosen-soul-MOIGsaj8te0-unsplash.jpg	90	restored	49.782	87.529	0.3349
renders	a-chosen-soul-MOIGsaj8te0-unsplash.jpg	90	restored_oc	49.791	87.309	0.3489
renders	anton-sobotyak-g7aYFxxNTVA-unsplash.jpg	15	lattice_floor	71.334	98.351	0.0375
renders	anton-sobotyak-g7aYFxxNTVA-unsplash.jpg	15	lattice_jbu	65.762	97.823	0.0843
renders	anton-sobotyak-g7aYFxxNTVA-unsplash.jpg	15	decode	40.393	42.288	1.6844
renders	anton-sobotyak-g7aYFxxNTVA-unsplash.jpg	15	decode_oc	42.515	43.293	1.4746
renders	anton-sobotyak-g7aYFxxNTVA-unsplash.jpg	15	restored	41.931	57.053	1.4300
renders	anton-sobotyak-g7aYFxxNTVA-unsplash.jpg	15	restored_oc	46.351	58.890	1.1210
renders	anton-sobotyak-g7aYFxxNTVA-unsplash.jpg	35	lattice_floor	71.334	98.351	0.0375
renders	anton-sobotyak-g7aYFxxNTVA-unsplash.jpg	35	lattice_jbu	65.762	97.823	0.0843
renders	anton-sobotyak-g7aYFxxNTVA-unsplash.jpg	35	decode	47.122	68.156	0.9185
renders	anton-sobotyak-g7aYFxxNTVA-unsplash.jpg	35	decode_oc	49.694	72.946	0.8218
renders	anton-sobotyak-g7aYFxxNTVA-unsplash.jpg	35	restored	48.757	80.347	0.6121
renders	anton-sobotyak-g7aYFxxNTVA-unsplash.jpg	35	restored_oc	51.185	82.824	0.5969
renders	anton-sobotyak-g7aYFxxNTVA-unsplash.jpg	55	lattice_floor	71.334	98.351	0.0375
renders	anton-sobotyak-g7aYFxxNTVA-unsplash.jpg	55	lattice_jbu	65.762	97.823	0.0843
renders	anton-sobotyak-g7aYFxxNTVA-unsplash.jpg	55	decode	47.231	77.196	0.6936
renders	anton-sobotyak-g7aYFxxNTVA-unsplash.jpg	55	decode_oc	51.545	80.723	0.6316
renders	anton-sobotyak-g7aYFxxNTVA-unsplash.jpg	55	restored	48.066	82.870	0.5690
renders	anton-sobotyak-g7aYFxxNTVA-unsplash.jpg	55	restored_oc	52.166	85.377	0.5304
renders	anton-sobotyak-g7aYFxxNTVA-unsplash.jpg	75	lattice_floor	71.334	98.351	0.0375
renders	anton-sobotyak-g7aYFxxNTVA-unsplash.jpg	75	lattice_jbu	65.762	97.823	0.0843
renders	anton-sobotyak-g7aYFxxNTVA-unsplash.jpg	75	decode	53.403	87.381	0.4995
renders	anton-sobotyak-g7aYFxxNTVA-unsplash.jpg	75	decode_oc	55.606	90.291	0.4974
renders	anton-sobotyak-g7aYFxxNTVA-unsplash.jpg	75	restored	51.743	86.046	0.4960
renders	anton-sobotyak-g7aYFxxNTVA-unsplash.jpg	75	restored_oc	52.932	87.722	0.4935
renders	anton-sobotyak-g7aYFxxNTVA-unsplash.jpg	90	lattice_floor	71.334	98.351	0.0375
renders	anton-sobotyak-g7aYFxxNTVA-unsplash.jpg	90	lattice_jbu	65.762	97.823	0.0843
renders	anton-sobotyak-g7aYFxxNTVA-unsplash.jpg	90	decode	59.160	94.092	0.2097
renders	anton-sobotyak-g7aYFxxNTVA-unsplash.jpg	90	decode_oc	63.787	96.725	0.2362
renders	anton-sobotyak-g7aYFxxNTVA-unsplash.jpg	90	restored	55.759	90.681	0.2962
renders	anton-sobotyak-g7aYFxxNTVA-unsplash.jpg	90	restored_oc	55.117	90.743	0.3356
renders	itsiken-pmYoy3WaFPU-unsplash.jpg	15	lattice_floor	53.020	96.419	0.0623
renders	itsiken-pmYoy3WaFPU-unsplash.jpg	15	lattice_jbu	49.105	95.939	0.1000
renders	itsiken-pmYoy3WaFPU-unsplash.jpg	15	decode	30.633	18.010	2.5513
renders	itsiken-pmYoy3WaFPU-unsplash.jpg	15	decode_oc	32.220	29.140	2.4906
renders	itsiken-pmYoy3WaFPU-unsplash.jpg	15	restored	31.843	31.061	2.3732
renders	itsiken-pmYoy3WaFPU-unsplash.jpg	15	restored_oc	33.286	39.518	2.2957
renders	itsiken-pmYoy3WaFPU-unsplash.jpg	35	lattice_floor	53.020	96.419	0.0623
renders	itsiken-pmYoy3WaFPU-unsplash.jpg	35	lattice_jbu	49.105	95.939	0.1000
renders	itsiken-pmYoy3WaFPU-unsplash.jpg	35	decode	33.705	55.857	1.5295
renders	itsiken-pmYoy3WaFPU-unsplash.jpg	35	decode_oc	35.231	63.800	1.5077
renders	itsiken-pmYoy3WaFPU-unsplash.jpg	35	restored	34.653	60.129	1.4291
renders	itsiken-pmYoy3WaFPU-unsplash.jpg	35	restored_oc	35.992	66.338	1.4076
renders	itsiken-pmYoy3WaFPU-unsplash.jpg	55	lattice_floor	53.020	96.419	0.0623
renders	itsiken-pmYoy3WaFPU-unsplash.jpg	55	lattice_jbu	49.105	95.939	0.1000
renders	itsiken-pmYoy3WaFPU-unsplash.jpg	55	decode	35.199	67.802	1.2293
renders	itsiken-pmYoy3WaFPU-unsplash.jpg	55	decode_oc	36.688	74.200	1.2119
renders	itsiken-pmYoy3WaFPU-unsplash.jpg	55	restored	36.039	69.679	1.1554
renders	itsiken-pmYoy3WaFPU-unsplash.jpg	55	restored_oc	37.325	74.945	1.1422
renders	itsiken-pmYoy3WaFPU-unsplash.jpg	75	lattice_floor	53.020	96.419	0.0623
renders	itsiken-pmYoy3WaFPU-unsplash.jpg	75	lattice_jbu	49.105	95.939	0.1000
renders	itsiken-pmYoy3WaFPU-unsplash.jpg	75	decode	36.994	76.805	0.9567
renders	itsiken-pmYoy3WaFPU-unsplash.jpg	75	decode_oc	38.438	81.382	0.9444
renders	itsiken-pmYoy3WaFPU-unsplash.jpg	75	restored	37.710	77.628	0.9097
renders	itsiken-pmYoy3WaFPU-unsplash.jpg	75	restored_oc	38.964	81.490	0.9007
renders	itsiken-pmYoy3WaFPU-unsplash.jpg	90	lattice_floor	53.020	96.419	0.0623
renders	itsiken-pmYoy3WaFPU-unsplash.jpg	90	lattice_jbu	49.105	95.939	0.1000
renders	itsiken-pmYoy3WaFPU-unsplash.jpg	90	decode	39.873	85.490	0.6603
renders	itsiken-pmYoy3WaFPU-unsplash.jpg	90	decode_oc	41.415	88.267	0.6504
renders	itsiken-pmYoy3WaFPU-unsplash.jpg	90	restored	40.326	85.756	0.6381
renders	itsiken-pmYoy3WaFPU-unsplash.jpg	90	restored_oc	41.824	88.372	0.6276
textures	anca-gabriela-zosin-bMOnYbmQxHA-unsplash.jpg	15	lattice_floor	51.224	93.740	0.3390
textures	anca-gabriela-zosin-bMOnYbmQxHA-unsplash.jpg	15	lattice_jbu	46.175	91.903	0.5582
textures	anca-gabriela-zosin-bMOnYbmQxHA-unsplash.jpg	15	decode	32.342	9.568	4.1645
textures	anca-gabriela-zosin-bMOnYbmQxHA-unsplash.jpg	15	decode_oc	36.317	24.788	3.1096
textures	anca-gabriela-zosin-bMOnYbmQxHA-unsplash.jpg	15	restored	33.972	36.138	3.5445
textures	anca-gabriela-zosin-bMOnYbmQxHA-unsplash.jpg	15	restored_oc	37.374	47.539	2.5125
textures	anca-gabriela-zosin-bMOnYbmQxHA-unsplash.jpg	35	lattice_floor	51.224	93.740	0.3390
textures	anca-gabriela-zosin-bMOnYbmQxHA-unsplash.jpg	35	lattice_jbu	46.175	91.903	0.5582
textures	anca-gabriela-zosin-bMOnYbmQxHA-unsplash.jpg	35	decode	36.696	56.933	2.1750
textures	anca-gabriela-zosin-bMOnYbmQxHA-unsplash.jpg	35	decode_oc	40.046	65.671	1.5052
textures	anca-gabriela-zosin-bMOnYbmQxHA-unsplash.jpg	35	restored	37.721	63.915	1.7612
textures	anca-gabriela-zosin-bMOnYbmQxHA-unsplash.jpg	35	restored_oc	40.548	71.584	1.3675
textures	anca-gabriela-zosin-bMOnYbmQxHA-unsplash.jpg	55	lattice_floor	51.224	93.740	0.3390
textures	anca-gabriela-zosin-bMOnYbmQxHA-unsplash.jpg	55	lattice_jbu	46.175	91.903	0.5582
textures	anca-gabriela-zosin-bMOnYbmQxHA-unsplash.jpg	55	decode	37.890	68.781	1.5213
textures	anca-gabriela-zosin-bMOnYbmQxHA-unsplash.jpg	55	decode_oc	41.285	76.682	1.2118
textures	anca-gabriela-zosin-bMOnYbmQxHA-unsplash.jpg	55	restored	38.724	70.779	1.3643
textures	anca-gabriela-zosin-bMOnYbmQxHA-unsplash.jpg	55	restored_oc	41.648	77.168	1.1422
textures	anca-gabriela-zosin-bMOnYbmQxHA-unsplash.jpg	75	lattice_floor	51.224	93.740	0.3390
textures	anca-gabriela-zosin-bMOnYbmQxHA-unsplash.jpg	75	lattice_jbu	46.175	91.903	0.5582
textures	anca-gabriela-zosin-bMOnYbmQxHA-unsplash.jpg	75	decode	39.675	77.277	1.1733
textures	anca-gabriela-zosin-bMOnYbmQxHA-unsplash.jpg	75	decode_oc	42.749	82.655	0.9479
textures	anca-gabriela-zosin-bMOnYbmQxHA-unsplash.jpg	75	restored	40.193	78.255	1.0812
textures	anca-gabriela-zosin-bMOnYbmQxHA-unsplash.jpg	75	restored_oc	43.009	83.057	0.9176
textures	anca-gabriela-zosin-bMOnYbmQxHA-unsplash.jpg	90	lattice_floor	51.224	93.740	0.3390
textures	anca-gabriela-zosin-bMOnYbmQxHA-unsplash.jpg	90	lattice_jbu	46.175	91.903	0.5582
textures	anca-gabriela-zosin-bMOnYbmQxHA-unsplash.jpg	90	decode	43.221	86.949	0.7308
textures	anca-gabriela-zosin-bMOnYbmQxHA-unsplash.jpg	90	decode_oc	46.331	89.974	0.5984
textures	anca-gabriela-zosin-bMOnYbmQxHA-unsplash.jpg	90	restored	43.399	86.900	0.6961
textures	anca-gabriela-zosin-bMOnYbmQxHA-unsplash.jpg	90	restored_oc	46.478	89.909	0.5842
textures	bernd-dittrich-3MdsHe3IIOk-unsplash.jpg	15	lattice_floor	38.615	91.081	0.2651
textures	bernd-dittrich-3MdsHe3IIOk-unsplash.jpg	15	lattice_jbu	36.577	90.142	0.2965
textures	bernd-dittrich-3MdsHe3IIOk-unsplash.jpg	15	decode	23.348	28.918	2.8546
textures	bernd-dittrich-3MdsHe3IIOk-unsplash.jpg	15	decode_oc	24.458	46.852	2.5697
textures	bernd-dittrich-3MdsHe3IIOk-unsplash.jpg	15	restored	23.876	30.862	2.8131
textures	bernd-dittrich-3MdsHe3IIOk-unsplash.jpg	15	restored_oc	24.842	48.462	2.5115
textures	bernd-dittrich-3MdsHe3IIOk-unsplash.jpg	35	lattice_floor	38.615	91.081	0.2651
textures	bernd-dittrich-3MdsHe3IIOk-unsplash.jpg	35	lattice_jbu	36.577	90.142	0.2965
textures	bernd-dittrich-3MdsHe3IIOk-unsplash.jpg	35	decode	25.800	56.218	1.9011
textures	bernd-dittrich-3MdsHe3IIOk-unsplash.jpg	35	decode_oc	27.076	68.134	1.7359
textures	bernd-dittrich-3MdsHe3IIOk-unsplash.jpg	35	restored	26.391	58.064	1.8375
textures	bernd-dittrich-3MdsHe3IIOk-unsplash.jpg	35	restored_oc	27.484	69.080	1.6813
textures	bernd-dittrich-3MdsHe3IIOk-unsplash.jpg	55	lattice_floor	38.615	91.081	0.2651
textures	bernd-dittrich-3MdsHe3IIOk-unsplash.jpg	55	lattice_jbu	36.577	90.142	0.2965
textures	bernd-dittrich-3MdsHe3IIOk-unsplash.jpg	55	decode	27.166	64.211	1.5686
textures	bernd-dittrich-3MdsHe3IIOk-unsplash.jpg	55	decode_oc	28.659	74.420	1.4174
textures	bernd-dittrich-3MdsHe3IIOk-unsplash.jpg	55	restored	27.775	65.596	1.5058
textures	bernd-dittrich-3MdsHe3IIOk-unsplash.jpg	55	restored_oc	29.020	75.062	1.3723
textures	bernd-dittrich-3MdsHe3IIOk-unsplash.jpg	75	lattice_floor	38.615	91.081	0.2651
textures	bernd-dittrich-3MdsHe3IIOk-unsplash.jpg	75	lattice_jbu	36.577	90.142	0.2965
textures	bernd-dittrich-3MdsHe3IIOk-unsplash.jpg	75	decode	29.276	72.103	1.1821
textures	bernd-dittrich-3MdsHe3IIOk-unsplash.jpg	75	decode_oc	31.330	80.529	1.0601
textures	bernd-dittrich-3MdsHe3IIOk-unsplash.jpg	75	restored	29.893	73.192	1.1301
textures	bernd-dittrich-3MdsHe3IIOk-unsplash.jpg	75	restored_oc	31.577	80.781	1.0337
textures	bernd-dittrich-3MdsHe3IIOk-unsplash.jpg	90	lattice_floor	38.615	91.081	0.2651
textures	bernd-dittrich-3MdsHe3IIOk-unsplash.jpg	90	lattice_jbu	36.577	90.142	0.2965
textures	bernd-dittrich-3MdsHe3IIOk-unsplash.jpg	90	decode	38.099	89.681	0.3418
textures	bernd-dittrich-3MdsHe3IIOk-unsplash.jpg	90	decode_oc	45.298	94.188	0.2470
textures	bernd-dittrich-3MdsHe3IIOk-unsplash.jpg	90	restored	39.297	90.241	0.2964
textures	bernd-dittrich-3MdsHe3IIOk-unsplash.jpg	90	restored_oc	44.432	93.856	0.2434
textures	haberdoedas-5BsnVq1qTis-unsplash.jpg	15	lattice_floor	51.416	96.239	0.0682
textures	haberdoedas-5BsnVq1qTis-unsplash.jpg	15	lattice_jbu	50.824	95.619	0.0859
textures	haberdoedas-5BsnVq1qTis-unsplash.jpg	15	decode	30.019	-15.580	2.9187
textures	haberdoedas-5BsnVq1qTis-unsplash.jpg	15	decode_oc	30.564	-7.791	2.6885
textures	haberdoedas-5BsnVq1qTis-unsplash.jpg	15	restored	30.464	-1.839	2.8456
textures	haberdoedas-5BsnVq1qTis-unsplash.jpg	15	restored_oc	30.753	5.631	2.5900
textures	haberdoedas-5BsnVq1qTis-unsplash.jpg	35	lattice_floor	51.416	96.239	0.0682
textures	haberdoedas-5BsnVq1qTis-unsplash.jpg	35	lattice_jbu	50.824	95.619	0.0859
textures	haberdoedas-5BsnVq1qTis-unsplash.jpg	35	decode	31.563	33.796	2.0288
textures	haberdoedas-5BsnVq1qTis-unsplash.jpg	35	decode_oc	31.686	38.632	1.9765
textures	haberdoedas-5BsnVq1qTis-unsplash.jpg	35	restored	31.837	35.715	2.0104
textures	haberdoedas-5BsnVq1qTis-unsplash.jpg	35	restored_oc	31.846	40.331	1.9427
textures	haberdoedas-5BsnVq1qTis-unsplash.jpg	55	lattice_floor	51.416	96.239	0.0682
textures	haberdoedas-5BsnVq1qTis-unsplash.jpg	55	lattice_jbu	50.824	95.619	0.0859
textures	haberdoedas-5BsnVq1qTis-unsplash.jpg	55	decode	32.287	49.994	1.7765
textures	haberdoedas-5BsnVq1qTis-unsplash.jpg	55	decode_oc	32.346	53.815	1.7273
textures	haberdoedas-5BsnVq1qTis-unsplash.jpg	55	restored	32.513	50.643	1.7692
textures	haberdoedas-5BsnVq1qTis-unsplash.jpg	55	restored_oc	32.486	54.050	1.7099
textures	haberdoedas-5BsnVq1qTis-unsplash.jpg	75	lattice_floor	51.416	96.239	0.0682
textures	haberdoedas-5BsnVq1qTis-unsplash.jpg	75	lattice_jbu	50.824	95.619	0.0859
textures	haberdoedas-5BsnVq1qTis-unsplash.jpg	75	decode	33.210	60.481	1.5183
textures	haberdoedas-5BsnVq1qTis-unsplash.jpg	75	decode_oc	33.215	63.632	1.4855
textures	haberdoedas-5BsnVq1qTis-unsplash.jpg	75	restored	33.305	60.385	1.5225
textures	haberdoedas-5BsnVq1qTis-unsplash.jpg	75	restored_oc	33.244	63.082	1.4874
textures	haberdoedas-5BsnVq1qTis-unsplash.jpg	90	lattice_floor	51.416	96.239	0.0682
textures	haberdoedas-5BsnVq1qTis-unsplash.jpg	90	lattice_jbu	50.824	95.619	0.0859
textures	haberdoedas-5BsnVq1qTis-unsplash.jpg	90	decode	47.826	91.512	0.2228
textures	haberdoedas-5BsnVq1qTis-unsplash.jpg	90	decode_oc	50.432	93.524	0.1973
textures	haberdoedas-5BsnVq1qTis-unsplash.jpg	90	restored	47.287	90.765	0.2460
textures	haberdoedas-5BsnVq1qTis-unsplash.jpg	90	restored_oc	49.540	92.769	0.2248
