sub	file	q	bucket	n_px	identity_psnr	model_psnr	gain_db	px_share
photos	20231206_150232.png	15	flat(<8)	4224	37.392	37.512	0.120	0.0161
photos	20231206_150232.png	15	low(8-24)	40768	32.875	33.060	0.186	0.1555
photos	20231206_150232.png	15	mid(24-64)	51392	29.652	29.808	0.156	0.1960
photos	20231206_150232.png	15	high(>64)	165760	21.529	22.219	0.689	0.6323
photos	20231206_150232.png	35	flat(<8)	4224	40.245	40.499	0.254	0.0161
photos	20231206_150232.png	35	low(8-24)	40768	36.744	37.051	0.308	0.1555
photos	20231206_150232.png	35	mid(24-64)	51392	33.083	33.356	0.273	0.1960
photos	20231206_150232.png	35	high(>64)	165760	25.006	25.888	0.882	0.6323
photos	20231206_150232.png	55	flat(<8)	4224	42.649	43.029	0.380	0.0161
photos	20231206_150232.png	55	low(8-24)	40768	38.608	38.918	0.310	0.1555
photos	20231206_150232.png	55	mid(24-64)	51392	34.724	35.032	0.308	0.1960
photos	20231206_150232.png	55	high(>64)	165760	27.083	27.991	0.908	0.6323
photos	20231206_150232.png	75	flat(<8)	4224	44.533	44.884	0.351	0.0161
photos	20231206_150232.png	75	low(8-24)	40768	40.296	40.584	0.288	0.1555
photos	20231206_150232.png	75	mid(24-64)	51392	36.514	36.824	0.310	0.1960
photos	20231206_150232.png	75	high(>64)	165760	30.111	30.932	0.822	0.6323
photos	20240528_210945.jpg	15	low(8-24)	7936	31.500	31.653	0.153	0.0303
photos	20240528_210945.jpg	15	mid(24-64)	56448	29.006	29.124	0.118	0.2153
photos	20240528_210945.jpg	15	high(>64)	197760	24.259	24.427	0.168	0.7544
photos	20240528_210945.jpg	35	low(8-24)	7936	34.531	34.611	0.080	0.0303
photos	20240528_210945.jpg	35	mid(24-64)	56448	31.952	32.104	0.152	0.2153
photos	20240528_210945.jpg	35	high(>64)	197760	27.206	27.470	0.265	0.7544
photos	20240528_210945.jpg	55	low(8-24)	7936	35.741	35.795	0.054	0.0303
photos	20240528_210945.jpg	55	mid(24-64)	56448	33.296	33.468	0.172	0.2153
photos	20240528_210945.jpg	55	high(>64)	197760	28.819	29.142	0.324	0.7544
photos	20240528_210945.jpg	75	low(8-24)	7936	37.237	37.355	0.118	0.0303
photos	20240528_210945.jpg	75	mid(24-64)	56448	34.870	35.055	0.185	0.2153
photos	20240528_210945.jpg	75	high(>64)	197760	30.895	31.285	0.390	0.7544
photos	Screenshot_20260526_074348_Photos.png	15	flat(<8)	1664	36.940	37.040	0.100	0.0063
photos	Screenshot_20260526_074348_Photos.png	15	low(8-24)	189312	34.941	35.038	0.096	0.7222
photos	Screenshot_20260526_074348_Photos.png	15	mid(24-64)	36544	30.961	31.122	0.162	0.1394
photos	Screenshot_20260526_074348_Photos.png	15	high(>64)	34624	26.608	26.835	0.227	0.1321
photos	Screenshot_20260526_074348_Photos.png	35	flat(<8)	1664	40.901	41.076	0.175	0.0063
photos	Screenshot_20260526_074348_Photos.png	35	low(8-24)	189312	37.877	37.975	0.098	0.7222
photos	Screenshot_20260526_074348_Photos.png	35	mid(24-64)	36544	33.418	33.721	0.303	0.1394
photos	Screenshot_20260526_074348_Photos.png	35	high(>64)	34624	29.781	30.075	0.293	0.1321
photos	Screenshot_20260526_074348_Photos.png	55	flat(<8)	1664	41.425	41.387	-0.038	0.0063
photos	Screenshot_20260526_074348_Photos.png	55	low(8-24)	189312	38.622	38.767	0.144	0.7222
photos	Screenshot_20260526_074348_Photos.png	55	mid(24-64)	36544	34.560	34.942	0.382	0.1394
photos	Screenshot_20260526_074348_Photos.png	55	high(>64)	34624	31.469	31.797	0.328	0.1321
photos	Screenshot_20260526_074348_Photos.png	75	flat(<8)	1664	42.841	43.053	0.212	0.0063
photos	Screenshot_20260526_074348_Photos.png	75	low(8-24)	189312	39.640	39.830	0.191	0.7222
photos	Screenshot_20260526_074348_Photos.png	75	mid(24-64)	36544	36.162	36.654	0.491	0.1394
photos	Screenshot_20260526_074348_Photos.png	75	high(>64)	34624	33.757	34.088	0.331	0.1321
people	alexander-aguero-EnppVuXbcCE-unsplash.jpg	15	flat(<8)	6400	36.262	36.460	0.198	0.0244
people	alexander-aguero-EnppVuXbcCE-unsplash.jpg	15	low(8-24)	217216	34.465	34.741	0.276	0.8286
people	alexander-aguero-EnppVuXbcCE-unsplash.jpg	15	mid(24-64)	37760	32.319	32.699	0.380	0.1440
people	alexander-aguero-EnppVuXbcCE-unsplash.jpg	15	high(>64)	768	30.125	30.453	0.328	0.0029
people	alexander-aguero-EnppVuXbcCE-unsplash.jpg	35	flat(<8)	6400	40.615	40.770	0.155	0.0244
people	alexander-aguero-EnppVuXbcCE-unsplash.jpg	35	low(8-24)	217216	38.078	38.462	0.384	0.8286
people	alexander-aguero-EnppVuXbcCE-unsplash.jpg	35	mid(24-64)	37760	36.018	36.492	0.474	0.1440
people	alexander-aguero-EnppVuXbcCE-unsplash.jpg	35	high(>64)	768	34.454	34.887	0.433	0.0029
people	alexander-aguero-EnppVuXbcCE-unsplash.jpg	55	flat(<8)	6400	41.630	41.916	0.286	0.0244
people	alexander-aguero-EnppVuXbcCE-unsplash.jpg	55	low(8-24)	217216	39.682	40.160	0.478	0.8286
people	alexander-aguero-EnppVuXbcCE-unsplash.jpg	55	mid(24-64)	37760	37.854	38.333	0.479	0.1440
people	alexander-aguero-EnppVuXbcCE-unsplash.jpg	55	high(>64)	768	36.033	36.434	0.401	0.0029
people	alexander-aguero-EnppVuXbcCE-unsplash.jpg	75	flat(<8)	6400	43.750	44.226	0.477	0.0244
people	alexander-aguero-EnppVuXbcCE-unsplash.jpg	75	low(8-24)	217216	41.950	42.459	0.509	0.8286
people	alexander-aguero-EnppVuXbcCE-unsplash.jpg	75	mid(24-64)	37760	40.092	40.573	0.481	0.1440
people	alexander-aguero-EnppVuXbcCE-unsplash.jpg	75	high(>64)	768	38.651	39.045	0.395	0.0029
people	anastasia-pivnenko-PRNG6R1nSpQ-unsplash.jpg	15	mid(24-64)	191360	26.046	26.102	0.055	0.7300
people	anastasia-pivnenko-PRNG6R1nSpQ-unsplash.jpg	15	high(>64)	70784	25.074	25.136	0.062	0.2700
people	anastasia-pivnenko-PRNG6R1nSpQ-unsplash.jpg	35	mid(24-64)	191360	27.008	27.054	0.045	0.7300
people	anastasia-pivnenko-PRNG6R1nSpQ-unsplash.jpg	35	high(>64)	70784	26.413	26.454	0.042	0.2700
people	anastasia-pivnenko-PRNG6R1nSpQ-unsplash.jpg	55	mid(24-64)	191360	27.496	27.564	0.067	0.7300
people	anastasia-pivnenko-PRNG6R1nSpQ-unsplash.jpg	55	high(>64)	70784	27.038	27.095	0.058	0.2700
people	anastasia-pivnenko-PRNG6R1nSpQ-unsplash.jpg	75	mid(24-64)	191360	28.472	28.437	-0.035	0.7300
people	anastasia-pivnenko-PRNG6R1nSpQ-unsplash.jpg	75	high(>64)	70784	28.186	28.187	0.001	0.2700
people	ashford-marx-5nEMKAK1WQs-unsplash.jpg	15	flat(<8)	6784	37.590	37.866	0.275	0.0259
people	ashford-marx-5nEMKAK1WQs-unsplash.jpg	15	low(8-24)	5952	33.734	34.018	0.284	0.0227
people	ashford-marx-5nEMKAK1WQs-unsplash.jpg	15	mid(24-64)	67712	28.712	28.843	0.131	0.2583
people	ashford-marx-5nEMKAK1WQs-unsplash.jpg	15	high(>64)	181696	25.259	25.312	0.053	0.6931
people	ashford-marx-5nEMKAK1WQs-unsplash.jpg	35	flat(<8)	6784	41.733	42.117	0.384	0.0259
people	ashford-marx-5nEMKAK1WQs-unsplash.jpg	35	low(8-24)	5952	36.667	37.031	0.364	0.0227
people	ashford-marx-5nEMKAK1WQs-unsplash.jpg	35	mid(24-64)	67712	31.739	31.902	0.163	0.2583
people	ashford-marx-5nEMKAK1WQs-unsplash.jpg	35	high(>64)	181696	28.477	28.557	0.079	0.6931
people	ashford-marx-5nEMKAK1WQs-unsplash.jpg	55	flat(<8)	6784	43.559	43.778	0.219	0.0259
people	ashford-marx-5nEMKAK1WQs-unsplash.jpg	55	low(8-24)	5952	38.321	38.621	0.300	0.0227
people	ashford-marx-5nEMKAK1WQs-unsplash.jpg	55	mid(24-64)	67712	33.358	33.536	0.178	0.2583
people	ashford-marx-5nEMKAK1WQs-unsplash.jpg	55	high(>64)	181696	30.386	30.487	0.101	0.6931
people	ashford-marx-5nEMKAK1WQs-unsplash.jpg	75	flat(<8)	6784	44.857	45.032	0.175	0.0259
people	ashford-marx-5nEMKAK1WQs-unsplash.jpg	75	low(8-24)	5952	40.641	41.030	0.389	0.0227
people	ashford-marx-5nEMKAK1WQs-unsplash.jpg	75	mid(24-64)	67712	35.530	35.761	0.232	0.2583
people	ashford-marx-5nEMKAK1WQs-unsplash.jpg	75	high(>64)	181696	33.060	33.194	0.134	0.6931
screen	archive__details-collection__1440x900__dpr1.png	15	flat(<8)	262144	40.114	37.366	-2.748	1.0000
screen	archive__details-collection__1440x900__dpr1.png	35	flat(<8)	262144	48.131	48.108	-0.022	1.0000
screen	archive__details-collection__1440x900__dpr1.png	55	flat(<8)	262144	45.912	45.912	0.000	1.0000
screen	archive__details-collection__1440x900__dpr1.png	75	flat(<8)	262144	99.000	100.098	1.098	1.0000
screen	archive__wayback-search__1440x900__dpr1.png	15	flat(<8)	141120	41.691	43.383	1.692	0.5383
screen	archive__wayback-search__1440x900__dpr1.png	15	low(8-24)	6016	32.016	32.263	0.247	0.0229
screen	archive__wayback-search__1440x900__dpr1.png	15	mid(24-64)	78016	27.780	28.058	0.279	0.2976
screen	archive__wayback-search__1440x900__dpr1.png	15	high(>64)	36992	20.387	20.976	0.588	0.1411
screen	archive__wayback-search__1440x900__dpr1.png	35	flat(<8)	141120	45.694	47.045	1.351	0.5383
screen	archive__wayback-search__1440x900__dpr1.png	35	low(8-24)	6016	34.306	34.758	0.452	0.0229
screen	archive__wayback-search__1440x900__dpr1.png	35	mid(24-64)	78016	30.438	30.940	0.502	0.2976
screen	archive__wayback-search__1440x900__dpr1.png	35	high(>64)	36992	23.407	24.308	0.901	0.1411
screen	archive__wayback-search__1440x900__dpr1.png	55	flat(<8)	141120	46.676	47.997	1.321	0.5383
screen	archive__wayback-search__1440x900__dpr1.png	55	low(8-24)	6016	35.352	35.990	0.638	0.0229
screen	archive__wayback-search__1440x900__dpr1.png	55	mid(24-64)	78016	31.434	32.019	0.585	0.2976
screen	archive__wayback-search__1440x900__dpr1.png	55	high(>64)	36992	25.437	26.467	1.030	0.1411
screen	archive__wayback-search__1440x900__dpr1.png	75	flat(<8)	141120	48.320	49.894	1.574	0.5383
screen	archive__wayback-search__1440x900__dpr1.png	75	low(8-24)	6016	36.875	37.583	0.708	0.0229
screen	archive__wayback-search__1440x900__dpr1.png	75	mid(24-64)	78016	32.560	33.253	0.693	0.2976
screen	archive__wayback-search__1440x900__dpr1.png	75	high(>64)	36992	28.010	28.905	0.895	0.1411
screen	archives__exhibits__1440x900__dpr1.png	15	flat(<8)	199424	46.318	50.374	4.056	0.7607
screen	archives__exhibits__1440x900__dpr1.png	15	low(8-24)	192	34.924	36.333	1.410	0.0007
screen	archives__exhibits__1440x900__dpr1.png	15	mid(24-64)	128	35.217	35.454	0.237	0.0005
screen	archives__exhibits__1440x900__dpr1.png	15	high(>64)	62400	19.026	20.850	1.824	0.2380
screen	archives__exhibits__1440x900__dpr1.png	35	flat(<8)	199424	52.202	54.385	2.183	0.7607
screen	archives__exhibits__1440x900__dpr1.png	35	low(8-24)	192	39.949	41.759	1.810	0.0007
screen	archives__exhibits__1440x900__dpr1.png	35	mid(24-64)	128	36.134	36.845	0.711	0.0005
screen	archives__exhibits__1440x900__dpr1.png	35	high(>64)	62400	22.235	24.719	2.484	0.2380
screen	archives__exhibits__1440x900__dpr1.png	55	flat(<8)	199424	52.489	56.054	3.565	0.7607
screen	archives__exhibits__1440x900__dpr1.png	55	low(8-24)	192	38.155	40.202	2.047	0.0007
screen	archives__exhibits__1440x900__dpr1.png	55	mid(24-64)	128	36.932	38.566	1.634	0.0005
screen	archives__exhibits__1440x900__dpr1.png	55	high(>64)	62400	24.345	27.043	2.698	0.2380
screen	archives__exhibits__1440x900__dpr1.png	75	flat(<8)	199424	52.650	55.930	3.280	0.7607
screen	archives__exhibits__1440x900__dpr1.png	75	low(8-24)	192	36.159	40.272	4.113	0.0007
screen	archives__exhibits__1440x900__dpr1.png	75	mid(24-64)	128	39.260	41.228	1.968	0.0005
screen	archives__exhibits__1440x900__dpr1.png	75	high(>64)	62400	27.176	29.954	2.778	0.2380
documents	office_census-acs-2024_questionnaire_p01_page1.png	15	flat(<8)	185600	41.242	41.537	0.295	0.7080
documents	office_census-acs-2024_questionnaire_p01_page1.png	15	low(8-24)	5312	30.114	30.502	0.388	0.0203
documents	office_census-acs-2024_questionnaire_p01_page1.png	15	mid(24-64)	2880	28.504	28.887	0.383	0.0110
documents	office_census-acs-2024_questionnaire_p01_page1.png	15	high(>64)	68352	22.414	23.393	0.979	0.2607
documents	office_census-acs-2024_questionnaire_p01_page1.png	35	flat(<8)	185600	45.646	46.178	0.531	0.7080
documents	office_census-acs-2024_questionnaire_p01_page1.png	35	low(8-24)	5312	34.063	34.599	0.536	0.0203
documents	office_census-acs-2024_questionnaire_p01_page1.png	35	mid(24-64)	2880	29.871	31.018	1.146	0.0110
documents	office_census-acs-2024_questionnaire_p01_page1.png	35	high(>64)	68352	24.603	25.688	1.085	0.2607
documents	office_census-acs-2024_questionnaire_p01_page1.png	55	flat(<8)	185600	43.563	44.053	0.489	0.7080
documents	office_census-acs-2024_questionnaire_p01_page1.png	55	low(8-24)	5312	34.785	35.270	0.485	0.0203
documents	office_census-acs-2024_questionnaire_p01_page1.png	55	mid(24-64)	2880	31.402	32.627	1.225	0.0110
documents	office_census-acs-2024_questionnaire_p01_page1.png	55	high(>64)	68352	25.759	26.759	1.000	0.2607
documents	office_census-acs-2024_questionnaire_p01_page1.png	75	flat(<8)	185600	46.102	47.101	0.999	0.7080
documents	office_census-acs-2024_questionnaire_p01_page1.png	75	low(8-24)	5312	37.390	38.654	1.264	0.0203
documents	office_census-acs-2024_questionnaire_p01_page1.png	75	mid(24-64)	2880	32.202	33.372	1.170	0.0110
documents	office_census-acs-2024_questionnaire_p01_page1.png	75	high(>64)	68352	27.860	28.709	0.849	0.2607
documents	office_fec-form3_campaign-finance_p01_page1.png	15	flat(<8)	205760	47.913	55.926	8.013	0.7849
documents	office_fec-form3_campaign-finance_p01_page1.png	15	low(8-24)	2112	35.421	36.070	0.649	0.0081
documents	office_fec-form3_campaign-finance_p01_page1.png	15	mid(24-64)	12736	32.750	33.456	0.706	0.0486
documents	office_fec-form3_campaign-finance_p01_page1.png	15	high(>64)	41536	24.000	26.531	2.532	0.1584
documents	office_fec-form3_campaign-finance_p01_page1.png	35	flat(<8)	205760	65.496	65.490	-0.007	0.7849
documents	office_fec-form3_campaign-finance_p01_page1.png	35	low(8-24)	2112	38.434	40.560	2.125	0.0081
documents	office_fec-form3_campaign-finance_p01_page1.png	35	mid(24-64)	12736	35.656	37.529	1.873	0.0486
documents	office_fec-form3_campaign-finance_p01_page1.png	35	high(>64)	41536	27.180	29.994	2.814	0.1584
documents	office_fec-form3_campaign-finance_p01_page1.png	55	flat(<8)	205760	66.081	66.159	0.078	0.7849
documents	office_fec-form3_campaign-finance_p01_page1.png	55	low(8-24)	2112	40.710	42.489	1.779	0.0081
documents	office_fec-form3_campaign-finance_p01_page1.png	55	mid(24-64)	12736	38.083	40.312	2.230	0.0486
documents	office_fec-form3_campaign-finance_p01_page1.png	55	high(>64)	41536	29.520	32.254	2.734	0.1584
documents	office_fec-form3_campaign-finance_p01_page1.png	75	flat(<8)	205760	73.640	73.043	-0.597	0.7849
documents	office_fec-form3_campaign-finance_p01_page1.png	75	low(8-24)	2112	43.410	44.823	1.413	0.0081
documents	office_fec-form3_campaign-finance_p01_page1.png	75	mid(24-64)	12736	40.874	42.003	1.129	0.0486
documents	office_fec-form3_campaign-finance_p01_page1.png	75	high(>64)	41536	33.233	35.691	2.457	0.1584
documents	office_fedreg-2026-10621_rule_p01_page1.png	15	flat(<8)	108992	48.129	49.585	1.457	0.4158
documents	office_fedreg-2026-10621_rule_p01_page1.png	15	low(8-24)	4992	40.208	40.219	0.011	0.0190
documents	office_fedreg-2026-10621_rule_p01_page1.png	15	mid(24-64)	2624	32.797	33.767	0.969	0.0100
documents	office_fedreg-2026-10621_rule_p01_page1.png	15	high(>64)	145536	22.065	24.244	2.179	0.5552
documents	office_fedreg-2026-10621_rule_p01_page1.png	35	flat(<8)	108992	78.728	79.367	0.639	0.4158
documents	office_fedreg-2026-10621_rule_p01_page1.png	35	low(8-24)	4992	40.459	40.565	0.106	0.0190
documents	office_fedreg-2026-10621_rule_p01_page1.png	35	mid(24-64)	2624	35.032	36.947	1.915	0.0100
documents	office_fedreg-2026-10621_rule_p01_page1.png	35	high(>64)	145536	25.970	28.584	2.614	0.5552
documents	office_fedreg-2026-10621_rule_p01_page1.png	55	flat(<8)	108992	78.728	79.716	0.988	0.4158
documents	office_fedreg-2026-10621_rule_p01_page1.png	55	low(8-24)	4992	41.392	41.838	0.446	0.0190
documents	office_fedreg-2026-10621_rule_p01_page1.png	55	mid(24-64)	2624	36.760	39.160	2.401	0.0100
documents	office_fedreg-2026-10621_rule_p01_page1.png	55	high(>64)	145536	28.453	31.175	2.722	0.5552
documents	office_fedreg-2026-10621_rule_p01_page1.png	75	flat(<8)	108992	78.728	79.331	0.604	0.4158
documents	office_fedreg-2026-10621_rule_p01_page1.png	75	low(8-24)	4992	43.584	44.396	0.813	0.0190
documents	office_fedreg-2026-10621_rule_p01_page1.png	75	mid(24-64)	2624	38.987	41.734	2.747	0.0100
documents	office_fedreg-2026-10621_rule_p01_page1.png	75	high(>64)	145536	32.141	34.765	2.624	0.5552
art-scans	haeckel_0007_cephalopods.png	15	flat(<8)	140800	37.367	37.541	0.174	0.5371
art-scans	haeckel_0007_cephalopods.png	15	low(8-24)	24320	32.557	32.787	0.230	0.0928
art-scans	haeckel_0007_cephalopods.png	15	mid(24-64)	22400	28.632	28.802	0.171	0.0854
art-scans	haeckel_0007_cephalopods.png	15	high(>64)	74624	24.410	24.510	0.100	0.2847
art-scans	haeckel_0007_cephalopods.png	35	flat(<8)	140800	41.229	41.483	0.254	0.5371
art-scans	haeckel_0007_cephalopods.png	35	low(8-24)	24320	35.955	36.312	0.357	0.0928
art-scans	haeckel_0007_cephalopods.png	35	mid(24-64)	22400	31.639	31.868	0.230	0.0854
art-scans	haeckel_0007_cephalopods.png	35	high(>64)	74624	27.011	27.123	0.111	0.2847
art-scans	haeckel_0007_cephalopods.png	55	flat(<8)	140800	43.008	43.276	0.268	0.5371
art-scans	haeckel_0007_cephalopods.png	55	low(8-24)	24320	37.667	38.002	0.335	0.0928
art-scans	haeckel_0007_cephalopods.png	55	mid(24-64)	22400	33.181	33.355	0.174	0.0854
art-scans	haeckel_0007_cephalopods.png	55	high(>64)	74624	28.393	28.500	0.107	0.2847
art-scans	haeckel_0007_cephalopods.png	75	flat(<8)	140800	45.137	45.430	0.293	0.5371
art-scans	haeckel_0007_cephalopods.png	75	low(8-24)	24320	39.861	40.035	0.174	0.0928
art-scans	haeckel_0007_cephalopods.png	75	mid(24-64)	22400	34.975	35.118	0.143	0.0854
art-scans	haeckel_0007_cephalopods.png	75	high(>64)	74624	30.285	30.383	0.098	0.2847
art-scans	haeckel_0034_radiolaria-green.png	15	flat(<8)	64	29.472	29.669	0.198	0.0002
art-scans	haeckel_0034_radiolaria-green.png	15	low(8-24)	1408	28.745	28.938	0.193	0.0054
art-scans	haeckel_0034_radiolaria-green.png	15	mid(24-64)	38656	25.782	25.921	0.140	0.1475
art-scans	haeckel_0034_radiolaria-green.png	15	high(>64)	222016	23.347	23.414	0.067	0.8469
art-scans	haeckel_0034_radiolaria-green.png	35	flat(<8)	64	33.407	34.486	1.079	0.0002
art-scans	haeckel_0034_radiolaria-green.png	35	low(8-24)	1408	31.798	32.067	0.269	0.0054
art-scans	haeckel_0034_radiolaria-green.png	35	mid(24-64)	38656	28.411	28.573	0.162	0.1475
art-scans	haeckel_0034_radiolaria-green.png	35	high(>64)	222016	25.938	26.027	0.089	0.8469
art-scans	haeckel_0034_radiolaria-green.png	55	flat(<8)	64	34.212	34.981	0.769	0.0002
art-scans	haeckel_0034_radiolaria-green.png	55	low(8-24)	1408	33.400	33.584	0.185	0.0054
art-scans	haeckel_0034_radiolaria-green.png	55	mid(24-64)	38656	29.909	30.077	0.168	0.1475
art-scans	haeckel_0034_radiolaria-green.png	55	high(>64)	222016	27.365	27.468	0.103	0.8469
art-scans	haeckel_0034_radiolaria-green.png	75	flat(<8)	64	35.605	35.838	0.234	0.0002
art-scans	haeckel_0034_radiolaria-green.png	75	low(8-24)	1408	34.782	34.933	0.150	0.0054
art-scans	haeckel_0034_radiolaria-green.png	75	mid(24-64)	38656	31.736	31.875	0.139	0.1475
art-scans	haeckel_0034_radiolaria-green.png	75	high(>64)	222016	29.337	29.486	0.149	0.8469
art-scans	haeckel_0040_starfish.png	15	flat(<8)	26880	36.722	36.806	0.084	0.1025
art-scans	haeckel_0040_starfish.png	15	low(8-24)	18176	29.379	29.515	0.136	0.0693
art-scans	haeckel_0040_starfish.png	15	mid(24-64)	43648	24.064	24.154	0.089	0.1665
art-scans	haeckel_0040_starfish.png	15	high(>64)	173440	21.149	21.179	0.031	0.6616
art-scans	haeckel_0040_starfish.png	35	flat(<8)	26880	39.089	39.248	0.159	0.1025
art-scans	haeckel_0040_starfish.png	35	low(8-24)	18176	32.095	32.246	0.151	0.0693
art-scans	haeckel_0040_starfish.png	35	mid(24-64)	43648	26.136	26.213	0.077	0.1665
art-scans	haeckel_0040_starfish.png	35	high(>64)	173440	22.885	22.921	0.036	0.6616
art-scans	haeckel_0040_starfish.png	55	flat(<8)	26880	40.177	40.397	0.219	0.1025
art-scans	haeckel_0040_starfish.png	55	low(8-24)	18176	33.348	33.504	0.156	0.0693
art-scans	haeckel_0040_starfish.png	55	mid(24-64)	43648	27.467	27.544	0.077	0.1665
art-scans	haeckel_0040_starfish.png	55	high(>64)	173440	24.346	24.392	0.046	0.6616
art-scans	haeckel_0040_starfish.png	75	flat(<8)	26880	41.863	42.176	0.313	0.1025
art-scans	haeckel_0040_starfish.png	75	low(8-24)	18176	34.859	35.032	0.172	0.0693
art-scans	haeckel_0040_starfish.png	75	mid(24-64)	43648	29.566	29.658	0.092	0.1665
art-scans	haeckel_0040_starfish.png	75	high(>64)	173440	26.434	26.513	0.079	0.6616
maps	nps_nps-bibe-2023-Wild-and-Scenic-Rivers-Brochure_p01.png	15	flat(<8)	139904	37.530	37.602	0.072	0.5337
maps	nps_nps-bibe-2023-Wild-and-Scenic-Rivers-Brochure_p01.png	15	low(8-24)	9728	32.734	32.996	0.262	0.0371
maps	nps_nps-bibe-2023-Wild-and-Scenic-Rivers-Brochure_p01.png	15	mid(24-64)	33664	31.120	31.371	0.251	0.1284
maps	nps_nps-bibe-2023-Wild-and-Scenic-Rivers-Brochure_p01.png	15	high(>64)	78848	22.788	24.704	1.916	0.3008
maps	nps_nps-bibe-2023-Wild-and-Scenic-Rivers-Brochure_p01.png	35	flat(<8)	139904	44.143	44.248	0.105	0.5337
maps	nps_nps-bibe-2023-Wild-and-Scenic-Rivers-Brochure_p01.png	35	low(8-24)	9728	37.193	37.752	0.559	0.0371
maps	nps_nps-bibe-2023-Wild-and-Scenic-Rivers-Brochure_p01.png	35	mid(24-64)	33664	35.350	35.709	0.359	0.1284
maps	nps_nps-bibe-2023-Wild-and-Scenic-Rivers-Brochure_p01.png	35	high(>64)	78848	25.648	27.848	2.200	0.3008
maps	nps_nps-bibe-2023-Wild-and-Scenic-Rivers-Brochure_p01.png	55	flat(<8)	139904	45.830	45.913	0.083	0.5337
maps	nps_nps-bibe-2023-Wild-and-Scenic-Rivers-Brochure_p01.png	55	low(8-24)	9728	38.988	39.510	0.521	0.0371
maps	nps_nps-bibe-2023-Wild-and-Scenic-Rivers-Brochure_p01.png	55	mid(24-64)	33664	37.343	37.698	0.355	0.1284
maps	nps_nps-bibe-2023-Wild-and-Scenic-Rivers-Brochure_p01.png	55	high(>64)	78848	27.618	29.740	2.121	0.3008
maps	nps_nps-bibe-2023-Wild-and-Scenic-Rivers-Brochure_p01.png	75	flat(<8)	139904	47.390	47.475	0.085	0.5337
maps	nps_nps-bibe-2023-Wild-and-Scenic-Rivers-Brochure_p01.png	75	low(8-24)	9728	41.002	41.556	0.554	0.0371
maps	nps_nps-bibe-2023-Wild-and-Scenic-Rivers-Brochure_p01.png	75	mid(24-64)	33664	39.745	40.105	0.359	0.1284
maps	nps_nps-bibe-2023-Wild-and-Scenic-Rivers-Brochure_p01.png	75	high(>64)	78848	30.502	32.292	1.790	0.3008
maps	nps_nps-bibe-2023-Wild-and-Scenic-Rivers-Brochure_p02.png	15	flat(<8)	194112	37.175	37.328	0.153	0.7405
maps	nps_nps-bibe-2023-Wild-and-Scenic-Rivers-Brochure_p02.png	15	low(8-24)	32448	33.898	34.102	0.204	0.1238
maps	nps_nps-bibe-2023-Wild-and-Scenic-Rivers-Brochure_p02.png	15	mid(24-64)	24512	30.568	30.780	0.212	0.0935
maps	nps_nps-bibe-2023-Wild-and-Scenic-Rivers-Brochure_p02.png	15	high(>64)	11072	25.548	25.619	0.071	0.0422
maps	nps_nps-bibe-2023-Wild-and-Scenic-Rivers-Brochure_p02.png	35	flat(<8)	194112	43.075	43.360	0.285	0.7405
maps	nps_nps-bibe-2023-Wild-and-Scenic-Rivers-Brochure_p02.png	35	low(8-24)	32448	37.589	37.883	0.293	0.1238
maps	nps_nps-bibe-2023-Wild-and-Scenic-Rivers-Brochure_p02.png	35	mid(24-64)	24512	33.720	34.045	0.325	0.0935
maps	nps_nps-bibe-2023-Wild-and-Scenic-Rivers-Brochure_p02.png	35	high(>64)	11072	28.432	28.570	0.138	0.0422
maps	nps_nps-bibe-2023-Wild-and-Scenic-Rivers-Brochure_p02.png	55	flat(<8)	194112	43.724	43.923	0.199	0.7405
maps	nps_nps-bibe-2023-Wild-and-Scenic-Rivers-Brochure_p02.png	55	low(8-24)	32448	39.193	39.513	0.320	0.1238
maps	nps_nps-bibe-2023-Wild-and-Scenic-Rivers-Brochure_p02.png	55	mid(24-64)	24512	35.186	35.649	0.462	0.0935
maps	nps_nps-bibe-2023-Wild-and-Scenic-Rivers-Brochure_p02.png	55	high(>64)	11072	30.276	30.482	0.206	0.0422
maps	nps_nps-bibe-2023-Wild-and-Scenic-Rivers-Brochure_p02.png	75	flat(<8)	194112	47.387	47.581	0.194	0.7405
maps	nps_nps-bibe-2023-Wild-and-Scenic-Rivers-Brochure_p02.png	75	low(8-24)	32448	41.419	41.753	0.334	0.1238
maps	nps_nps-bibe-2023-Wild-and-Scenic-Rivers-Brochure_p02.png	75	mid(24-64)	24512	37.311	37.921	0.610	0.0935
maps	nps_nps-bibe-2023-Wild-and-Scenic-Rivers-Brochure_p02.png	75	high(>64)	11072	33.010	33.301	0.290	0.0422
maps	nps_nps-biho-FINAL-VERSION_BIHO-unigrid_Side-1_X3_compressed-for-web-6_p01.png	15	flat(<8)	146048	39.685	40.256	0.570	0.5571
maps	nps_nps-biho-FINAL-VERSION_BIHO-unigrid_Side-1_X3_compressed-for-web-6_p01.png	15	low(8-24)	64960	32.662	32.923	0.261	0.2478
maps	nps_nps-biho-FINAL-VERSION_BIHO-unigrid_Side-1_X3_compressed-for-web-6_p01.png	15	mid(24-64)	31808	30.630	30.841	0.211	0.1213
maps	nps_nps-biho-FINAL-VERSION_BIHO-unigrid_Side-1_X3_compressed-for-web-6_p01.png	15	high(>64)	19328	23.186	25.281	2.095	0.0737
maps	nps_nps-biho-FINAL-VERSION_BIHO-unigrid_Side-1_X3_compressed-for-web-6_p01.png	35	flat(<8)	146048	43.879	44.509	0.630	0.5571
maps	nps_nps-biho-FINAL-VERSION_BIHO-unigrid_Side-1_X3_compressed-for-web-6_p01.png	35	low(8-24)	64960	35.790	36.070	0.280	0.2478
maps	nps_nps-biho-FINAL-VERSION_BIHO-unigrid_Side-1_X3_compressed-for-web-6_p01.png	35	mid(24-64)	31808	33.388	33.667	0.279	0.1213
maps	nps_nps-biho-FINAL-VERSION_BIHO-unigrid_Side-1_X3_compressed-for-web-6_p01.png	35	high(>64)	19328	26.738	29.041	2.303	0.0737
maps	nps_nps-biho-FINAL-VERSION_BIHO-unigrid_Side-1_X3_compressed-for-web-6_p01.png	55	flat(<8)	146048	45.451	46.307	0.855	0.5571
maps	nps_nps-biho-FINAL-VERSION_BIHO-unigrid_Side-1_X3_compressed-for-web-6_p01.png	55	low(8-24)	64960	37.275	37.603	0.327	0.2478
maps	nps_nps-biho-FINAL-VERSION_BIHO-unigrid_Side-1_X3_compressed-for-web-6_p01.png	55	mid(24-64)	31808	34.637	34.982	0.345	0.1213
maps	nps_nps-biho-FINAL-VERSION_BIHO-unigrid_Side-1_X3_compressed-for-web-6_p01.png	55	high(>64)	19328	29.131	31.630	2.499	0.0737
maps	nps_nps-biho-FINAL-VERSION_BIHO-unigrid_Side-1_X3_compressed-for-web-6_p01.png	75	flat(<8)	146048	47.311	48.393	1.082	0.5571
maps	nps_nps-biho-FINAL-VERSION_BIHO-unigrid_Side-1_X3_compressed-for-web-6_p01.png	75	low(8-24)	64960	38.898	39.220	0.322	0.2478
maps	nps_nps-biho-FINAL-VERSION_BIHO-unigrid_Side-1_X3_compressed-for-web-6_p01.png	75	mid(24-64)	31808	36.345	36.815	0.470	0.1213
maps	nps_nps-biho-FINAL-VERSION_BIHO-unigrid_Side-1_X3_compressed-for-web-6_p01.png	75	high(>64)	19328	31.886	34.390	2.504	0.0737
renders	a-chosen-soul-MOIGsaj8te0-unsplash.jpg	15	flat(<8)	192768	43.188	43.247	0.058	0.7354
renders	a-chosen-soul-MOIGsaj8te0-unsplash.jpg	15	low(8-24)	25984	34.124	34.490	0.366	0.0991
renders	a-chosen-soul-MOIGsaj8te0-unsplash.jpg	15	mid(24-64)	28352	28.078	28.174	0.096	0.1082
renders	a-chosen-soul-MOIGsaj8te0-unsplash.jpg	15	high(>64)	15040	24.041	24.167	0.127	0.0574
renders	a-chosen-soul-MOIGsaj8te0-unsplash.jpg	35	flat(<8)	192768	46.106	46.253	0.147	0.7354
renders	a-chosen-soul-MOIGsaj8te0-unsplash.jpg	35	low(8-24)	25984	36.824	36.963	0.139	0.0991
renders	a-chosen-soul-MOIGsaj8te0-unsplash.jpg	35	mid(24-64)	28352	29.098	29.182	0.084	0.1082
renders	a-chosen-soul-MOIGsaj8te0-unsplash.jpg	35	high(>64)	15040	25.414	25.552	0.137	0.0574
renders	a-chosen-soul-MOIGsaj8te0-unsplash.jpg	55	flat(<8)	192768	46.653	46.822	0.169	0.7354
renders	a-chosen-soul-MOIGsaj8te0-unsplash.jpg	55	low(8-24)	25984	37.354	37.465	0.112	0.0991
renders	a-chosen-soul-MOIGsaj8te0-unsplash.jpg	55	mid(24-64)	28352	29.681	29.782	0.102	0.1082
renders	a-chosen-soul-MOIGsaj8te0-unsplash.jpg	55	high(>64)	15040	26.354	26.546	0.191	0.0574
renders	a-chosen-soul-MOIGsaj8te0-unsplash.jpg	75	flat(<8)	192768	51.648	51.288	-0.360	0.7354
renders	a-chosen-soul-MOIGsaj8te0-unsplash.jpg	75	low(8-24)	25984	38.325	38.179	-0.146	0.0991
renders	a-chosen-soul-MOIGsaj8te0-unsplash.jpg	75	mid(24-64)	28352	30.864	30.738	-0.126	0.1082
renders	a-chosen-soul-MOIGsaj8te0-unsplash.jpg	75	high(>64)	15040	28.606	28.713	0.107	0.0574
renders	anton-sobotyak-g7aYFxxNTVA-unsplash.jpg	15	flat(<8)	257856	40.497	40.467	-0.030	0.9836
renders	anton-sobotyak-g7aYFxxNTVA-unsplash.jpg	15	low(8-24)	3456	37.727	38.379	0.652	0.0132
renders	anton-sobotyak-g7aYFxxNTVA-unsplash.jpg	15	mid(24-64)	832	33.531	33.904	0.373	0.0032
renders	anton-sobotyak-g7aYFxxNTVA-unsplash.jpg	35	flat(<8)	257856	47.412	47.631	0.219	0.9836
renders	anton-sobotyak-g7aYFxxNTVA-unsplash.jpg	35	low(8-24)	3456	41.517	42.277	0.761	0.0132
renders	anton-sobotyak-g7aYFxxNTVA-unsplash.jpg	35	mid(24-64)	832	37.077	37.870	0.793	0.0032
renders	anton-sobotyak-g7aYFxxNTVA-unsplash.jpg	55	flat(<8)	257856	47.415	47.448	0.034	0.9836
renders	anton-sobotyak-g7aYFxxNTVA-unsplash.jpg	55	low(8-24)	3456	43.044	43.514	0.469	0.0132
renders	anton-sobotyak-g7aYFxxNTVA-unsplash.jpg	55	mid(24-64)	832	38.708	39.519	0.811	0.0032
renders	anton-sobotyak-g7aYFxxNTVA-unsplash.jpg	75	flat(<8)	257856	54.010	53.324	-0.685	0.9836
renders	anton-sobotyak-g7aYFxxNTVA-unsplash.jpg	75	low(8-24)	3456	45.453	46.001	0.548	0.0132
renders	anton-sobotyak-g7aYFxxNTVA-unsplash.jpg	75	mid(24-64)	832	40.470	41.109	0.639	0.0032
renders	itsiken-pmYoy3WaFPU-unsplash.jpg	15	flat(<8)	640	36.290	36.565	0.275	0.0024
renders	itsiken-pmYoy3WaFPU-unsplash.jpg	15	low(8-24)	86144	33.106	33.313	0.207	0.3286
renders	itsiken-pmYoy3WaFPU-unsplash.jpg	15	mid(24-64)	105280	31.052	31.266	0.214	0.4016
renders	itsiken-pmYoy3WaFPU-unsplash.jpg	15	high(>64)	70080	28.384	28.609	0.225	0.2673
renders	itsiken-pmYoy3WaFPU-unsplash.jpg	35	flat(<8)	640	41.211	41.434	0.223	0.0024
renders	itsiken-pmYoy3WaFPU-unsplash.jpg	35	low(8-24)	86144	36.018	36.235	0.218	0.3286
renders	itsiken-pmYoy3WaFPU-unsplash.jpg	35	mid(24-64)	105280	33.855	34.119	0.264	0.4016
renders	itsiken-pmYoy3WaFPU-unsplash.jpg	35	high(>64)	70080	31.757	32.029	0.272	0.2673
renders	itsiken-pmYoy3WaFPU-unsplash.jpg	55	flat(<8)	640	42.343	42.779	0.436	0.0024
renders	itsiken-pmYoy3WaFPU-unsplash.jpg	55	low(8-24)	86144	37.073	37.357	0.284	0.3286
renders	itsiken-pmYoy3WaFPU-unsplash.jpg	55	mid(24-64)	105280	35.278	35.578	0.300	0.4016
renders	itsiken-pmYoy3WaFPU-unsplash.jpg	55	high(>64)	70080	33.539	33.811	0.272	0.2673
renders	itsiken-pmYoy3WaFPU-unsplash.jpg	75	flat(<8)	640	43.607	43.718	0.111	0.0024
renders	itsiken-pmYoy3WaFPU-unsplash.jpg	75	low(8-24)	86144	38.657	38.919	0.262	0.3286
renders	itsiken-pmYoy3WaFPU-unsplash.jpg	75	mid(24-64)	105280	36.958	37.255	0.297	0.4016
renders	itsiken-pmYoy3WaFPU-unsplash.jpg	75	high(>64)	70080	35.578	35.844	0.266	0.2673
textures	anca-gabriela-zosin-bMOnYbmQxHA-unsplash.jpg	15	flat(<8)	172544	34.470	34.702	0.232	0.6582
textures	anca-gabriela-zosin-bMOnYbmQxHA-unsplash.jpg	15	low(8-24)	46912	32.852	33.013	0.161	0.1790
textures	anca-gabriela-zosin-bMOnYbmQxHA-unsplash.jpg	15	mid(24-64)	34432	28.766	28.978	0.211	0.1313
textures	anca-gabriela-zosin-bMOnYbmQxHA-unsplash.jpg	15	high(>64)	8256	25.914	26.077	0.163	0.0315
textures	anca-gabriela-zosin-bMOnYbmQxHA-unsplash.jpg	35	flat(<8)	172544	42.124	42.303	0.179	0.6582
textures	anca-gabriela-zosin-bMOnYbmQxHA-unsplash.jpg	35	low(8-24)	46912	35.403	35.679	0.276	0.1790
textures	anca-gabriela-zosin-bMOnYbmQxHA-unsplash.jpg	35	mid(24-64)	34432	31.896	32.192	0.295	0.1313
textures	anca-gabriela-zosin-bMOnYbmQxHA-unsplash.jpg	35	high(>64)	8256	29.281	29.471	0.189	0.0315
textures	anca-gabriela-zosin-bMOnYbmQxHA-unsplash.jpg	55	flat(<8)	172544	43.274	43.455	0.182	0.6582
textures	anca-gabriela-zosin-bMOnYbmQxHA-unsplash.jpg	55	low(8-24)	46912	36.633	36.947	0.314	0.1790
textures	anca-gabriela-zosin-bMOnYbmQxHA-unsplash.jpg	55	mid(24-64)	34432	33.087	33.382	0.294	0.1313
textures	anca-gabriela-zosin-bMOnYbmQxHA-unsplash.jpg	55	high(>64)	8256	30.480	30.706	0.227	0.0315
textures	anca-gabriela-zosin-bMOnYbmQxHA-unsplash.jpg	75	flat(<8)	172544	45.971	46.140	0.169	0.6582
textures	anca-gabriela-zosin-bMOnYbmQxHA-unsplash.jpg	75	low(8-24)	46912	38.070	38.352	0.282	0.1790
textures	anca-gabriela-zosin-bMOnYbmQxHA-unsplash.jpg	75	mid(24-64)	34432	34.716	35.015	0.299	0.1313
textures	anca-gabriela-zosin-bMOnYbmQxHA-unsplash.jpg	75	high(>64)	8256	32.224	32.484	0.260	0.0315
textures	bernd-dittrich-3MdsHe3IIOk-unsplash.jpg	15	flat(<8)	1536	39.310	39.490	0.179	0.0059
textures	bernd-dittrich-3MdsHe3IIOk-unsplash.jpg	15	low(8-24)	15872	33.786	34.101	0.315	0.0605
textures	bernd-dittrich-3MdsHe3IIOk-unsplash.jpg	15	mid(24-64)	38272	29.525	29.659	0.134	0.1460
textures	bernd-dittrich-3MdsHe3IIOk-unsplash.jpg	15	high(>64)	206464	22.492	22.541	0.048	0.7876
textures	bernd-dittrich-3MdsHe3IIOk-unsplash.jpg	35	flat(<8)	1536	40.810	41.100	0.290	0.0059
textures	bernd-dittrich-3MdsHe3IIOk-unsplash.jpg	35	low(8-24)	15872	37.045	37.377	0.332	0.0605
textures	bernd-dittrich-3MdsHe3IIOk-unsplash.jpg	35	mid(24-64)	38272	32.262	32.423	0.162	0.1460
textures	bernd-dittrich-3MdsHe3IIOk-unsplash.jpg	35	high(>64)	206464	24.930	25.064	0.134	0.7876
textures	bernd-dittrich-3MdsHe3IIOk-unsplash.jpg	55	flat(<8)	1536	41.557	41.837	0.280	0.0059
textures	bernd-dittrich-3MdsHe3IIOk-unsplash.jpg	55	low(8-24)	15872	38.449	38.738	0.289	0.0605
textures	bernd-dittrich-3MdsHe3IIOk-unsplash.jpg	55	mid(24-64)	38272	33.526	33.681	0.155	0.1460
textures	bernd-dittrich-3MdsHe3IIOk-unsplash.jpg	55	high(>64)	206464	26.299	26.508	0.208	0.7876
textures	bernd-dittrich-3MdsHe3IIOk-unsplash.jpg	75	flat(<8)	1536	43.362	43.547	0.184	0.0059
textures	bernd-dittrich-3MdsHe3IIOk-unsplash.jpg	75	low(8-24)	15872	40.430	40.528	0.098	0.0605
textures	bernd-dittrich-3MdsHe3IIOk-unsplash.jpg	75	mid(24-64)	38272	34.971	35.076	0.104	0.1460
textures	bernd-dittrich-3MdsHe3IIOk-unsplash.jpg	75	high(>64)	206464	28.436	28.731	0.295	0.7876
textures	haberdoedas-5BsnVq1qTis-unsplash.jpg	15	low(8-24)	59392	32.764	32.885	0.120	0.2266
textures	haberdoedas-5BsnVq1qTis-unsplash.jpg	15	mid(24-64)	201600	29.481	29.574	0.094	0.7690
textures	haberdoedas-5BsnVq1qTis-unsplash.jpg	15	high(>64)	1152	26.898	26.968	0.070	0.0044
textures	haberdoedas-5BsnVq1qTis-unsplash.jpg	35	low(8-24)	59392	34.900	35.154	0.255	0.2266
textures	haberdoedas-5BsnVq1qTis-unsplash.jpg	35	mid(24-64)	201600	30.952	31.091	0.139	0.7690
textures	haberdoedas-5BsnVq1qTis-unsplash.jpg	35	high(>64)	1152	28.116	28.214	0.098	0.0044
textures	haberdoedas-5BsnVq1qTis-unsplash.jpg	55	low(8-24)	59392	36.035	36.340	0.305	0.2266
textures	haberdoedas-5BsnVq1qTis-unsplash.jpg	55	mid(24-64)	201600	31.632	31.771	0.139	0.7690
textures	haberdoedas-5BsnVq1qTis-unsplash.jpg	55	high(>64)	1152	28.639	28.702	0.063	0.0044
textures	haberdoedas-5BsnVq1qTis-unsplash.jpg	75	low(8-24)	59392	37.189	37.269	0.079	0.2266
textures	haberdoedas-5BsnVq1qTis-unsplash.jpg	75	mid(24-64)	201600	32.531	32.588	0.057	0.7690
textures	haberdoedas-5BsnVq1qTis-unsplash.jpg	75	high(>64)	1152	29.531	29.597	0.065	0.0044
