# content classifier head-to-head; truth = subcorpus (graphic = ["documents", "maps", "screen"])
sub	file	q	truth	p_graphics	chooser_class	zero_ac_frac	coef_class	chooser_ms	coef_ms	gt_src
photos	20240528_210945__pristine2x.png	15	photo	0.0358	Photo	0.0525	Photo	5.66	0.43	png
photos	20240528_210945__pristine2x.png	35	photo	0.0723	Photo	0.0208	Photo	5.15	0.38	png
photos	20240528_210945__pristine2x.png	55	photo	0.0583	Photo	0.0105	Photo	5.21	0.40	png
photos	20240528_210945__pristine2x.png	75	photo	0.0556	Photo	0.0020	Photo	5.24	0.50	png
photos	20240528_210945__pristine2x.png	90	photo	0.0504	Photo	0.0000	Photo	5.47	0.75	png
photos	20231206_150232.png	15	photo	0.2702	Photo	0.1406	Screenshot	4.80	0.29	png
photos	20231206_150232.png	35	photo	0.3732	Photo	0.0247	Photo	4.83	0.34	png
photos	20231206_150232.png	55	photo	0.3028	Photo	0.0044	Photo	5.35	0.42	png
photos	20231206_150232.png	75	photo	0.2573	Photo	0.0002	Photo	5.00	0.48	png
photos	20231206_150232.png	90	photo	0.2625	Photo	0.0000	Photo	5.00	0.66	png
photos	Screenshot_20260526_074348_Photos.png	15	photo	0.3818	Photo	0.7854	Screenshot	4.24	0.18	png
photos	Screenshot_20260526_074348_Photos.png	35	photo	0.5143	Photo	0.5164	Screenshot	4.21	0.19	png
photos	Screenshot_20260526_074348_Photos.png	55	photo	0.4514	Photo	0.1904	Screenshot	4.24	0.22	png
photos	Screenshot_20260526_074348_Photos.png	75	photo	0.4534	Photo	0.0068	Photo	4.26	0.25	png
photos	Screenshot_20260526_074348_Photos.png	90	photo	0.4455	Photo	0.0000	Photo	4.42	0.38	png
photos	Screenshot_20260526_074418_Photos.png	15	photo	0.5945	Photo	0.2974	Screenshot	4.45	0.20	png
photos	Screenshot_20260526_074418_Photos.png	35	photo	0.5368	Photo	0.1514	Screenshot	4.68	0.33	png
photos	Screenshot_20260526_074418_Photos.png	55	photo	0.4158	Photo	0.0823	Photo	4.50	0.28	png
photos	Screenshot_20260526_074418_Photos.png	75	photo	0.3665	Photo	0.0051	Photo	4.49	0.31	png
photos	Screenshot_20260526_074418_Photos.png	90	photo	0.2937	Photo	0.0000	Photo	4.70	0.45	png
photos	Screenshot_20260526_075006_Gallery.png	15	photo	0.4833	Photo	0.0596	Photo	4.45	0.20	png
photos	Screenshot_20260526_075006_Gallery.png	35	photo	0.6783	Photo	0.0100	Photo	4.46	0.23	png
photos	Screenshot_20260526_075006_Gallery.png	55	photo	0.6058	Photo	0.0027	Photo	4.41	0.27	png
photos	Screenshot_20260526_075006_Gallery.png	75	photo	0.6277	Photo	0.0002	Photo	4.40	0.31	png
photos	Screenshot_20260526_075006_Gallery.png	90	photo	0.6495	Photo	0.0000	Photo	4.40	0.40	png
photos	Screenshot_20260526_075134_Gallery.png	15	photo	0.6907	Photo	0.1567	Screenshot	4.98	0.23	png
photos	Screenshot_20260526_075134_Gallery.png	35	photo	0.7940	Photo	0.0708	Photo	4.66	0.28	png
photos	Screenshot_20260526_075134_Gallery.png	55	photo	0.7301	Photo	0.0435	Photo	5.32	0.31	png
photos	Screenshot_20260526_075134_Gallery.png	75	photo	0.7288	Photo	0.0098	Photo	4.77	0.60	png
photos	Screenshot_20260526_075134_Gallery.png	90	photo	0.7388	Photo	0.0002	Photo	5.20	0.59	png
photos	Screenshot_20260526_075159_Gallery.png	15	photo	0.1446	Photo	0.3247	Screenshot	4.62	0.34	png
photos	Screenshot_20260526_075159_Gallery.png	35	photo	0.1187	Photo	0.1013	Screenshot	4.56	0.27	png
photos	Screenshot_20260526_075159_Gallery.png	55	photo	0.0835	Photo	0.0447	Photo	4.62	0.38	png
photos	Screenshot_20260526_075159_Gallery.png	75	photo	0.0948	Photo	0.0151	Photo	4.49	0.32	png
photos	Screenshot_20260526_075159_Gallery.png	90	photo	0.0969	Photo	0.0012	Photo	4.70	0.48	png
photos	Screenshot_20260526_075258_Gallery.png	15	photo	0.3508	Photo	0.1243	Screenshot	4.83	0.34	png
photos	Screenshot_20260526_075258_Gallery.png	35	photo	0.5507	Photo	0.0234	Photo	4.71	0.28	png
photos	Screenshot_20260526_075258_Gallery.png	55	photo	0.4372	Photo	0.0073	Photo	4.73	0.31	png
photos	Screenshot_20260526_075258_Gallery.png	75	photo	0.4531	Photo	0.0012	Photo	4.77	0.37	png
photos	Screenshot_20260526_075258_Gallery.png	90	photo	0.4441	Photo	0.0000	Photo	4.97	0.59	png
people	alexander-aguero-EnppVuXbcCE-unsplash__pristine3x.png	15	photo	0.4608	Photo	0.4480	Screenshot	4.32	0.19	png
people	alexander-aguero-EnppVuXbcCE-unsplash__pristine3x.png	35	photo	0.4896	Photo	0.1604	Screenshot	4.40	0.21	png
people	alexander-aguero-EnppVuXbcCE-unsplash__pristine3x.png	55	photo	0.4535	Photo	0.0745	Photo	4.52	0.23	png
people	alexander-aguero-EnppVuXbcCE-unsplash__pristine3x.png	75	photo	0.4620	Photo	0.0146	Photo	4.25	0.26	png
people	alexander-aguero-EnppVuXbcCE-unsplash__pristine3x.png	90	photo	0.3158	Photo	0.0000	Photo	4.30	0.35	png
people	anastasia-pivnenko-PRNG6R1nSpQ-unsplash__pristine3x.png	15	photo	0.2980	Photo	0.2947	Screenshot	4.31	0.21	png
people	anastasia-pivnenko-PRNG6R1nSpQ-unsplash__pristine3x.png	35	photo	0.2604	Photo	0.1038	Screenshot	4.48	0.26	png
people	anastasia-pivnenko-PRNG6R1nSpQ-unsplash__pristine3x.png	55	photo	0.1985	Photo	0.0283	Photo	4.45	0.31	png
people	anastasia-pivnenko-PRNG6R1nSpQ-unsplash__pristine3x.png	75	photo	0.2038	Photo	0.0010	Photo	4.44	0.32	png
people	anastasia-pivnenko-PRNG6R1nSpQ-unsplash__pristine3x.png	90	photo	0.1943	Photo	0.0000	Photo	4.65	0.47	png
people	ashford-marx-5nEMKAK1WQs-unsplash__pristine3x.png	15	photo	0.1437	Photo	0.1562	Screenshot	5.19	0.23	png
people	ashford-marx-5nEMKAK1WQs-unsplash__pristine3x.png	35	photo	0.2594	Photo	0.0488	Photo	4.92	0.31	png
people	ashford-marx-5nEMKAK1WQs-unsplash__pristine3x.png	55	photo	0.1970	Photo	0.0164	Photo	5.05	0.35	png
people	ashford-marx-5nEMKAK1WQs-unsplash__pristine3x.png	75	photo	0.2273	Photo	0.0012	Photo	5.51	0.45	png
people	ashford-marx-5nEMKAK1WQs-unsplash__pristine3x.png	90	photo	0.1980	Photo	0.0000	Photo	5.16	0.56	png
people	bjorn-pierre-ureo1XIikao-unsplash__pristine3x.png	15	photo	0.7949	Photo	0.7581	Screenshot	4.30	0.27	png
people	bjorn-pierre-ureo1XIikao-unsplash__pristine3x.png	35	photo	0.8604	Graphics	0.6016	Screenshot	4.23	0.19	png
people	bjorn-pierre-ureo1XIikao-unsplash__pristine3x.png	55	photo	0.8746	Graphics	0.5293	Screenshot	4.23	0.18	png
people	bjorn-pierre-ureo1XIikao-unsplash__pristine3x.png	75	photo	0.8793	Graphics	0.4119	Screenshot	4.30	0.22	png
people	bjorn-pierre-ureo1XIikao-unsplash__pristine3x.png	90	photo	0.8549	Graphics	0.1274	Screenshot	4.27	0.28	png
people	christian-agbede-A1gWJze3il4-unsplash__pristine3x.png	15	photo	0.7643	Photo	0.4404	Screenshot	4.44	0.21	png
people	christian-agbede-A1gWJze3il4-unsplash__pristine3x.png	35	photo	0.7245	Photo	0.2190	Screenshot	4.39	0.27	png
people	christian-agbede-A1gWJze3il4-unsplash__pristine3x.png	55	photo	0.6466	Photo	0.0752	Photo	4.42	0.25	png
people	christian-agbede-A1gWJze3il4-unsplash__pristine3x.png	75	photo	0.6352	Photo	0.0027	Photo	4.60	0.38	png
people	christian-agbede-A1gWJze3il4-unsplash__pristine3x.png	90	photo	0.5868	Photo	0.0000	Photo	4.51	0.48	png
people	david-utt-9p-V5MUdkLY-unsplash__pristine3x.png	15	photo	0.1812	Photo	0.3259	Screenshot	4.69	0.26	png
people	david-utt-9p-V5MUdkLY-unsplash__pristine3x.png	35	photo	0.1441	Photo	0.0659	Photo	4.43	0.21	png
people	david-utt-9p-V5MUdkLY-unsplash__pristine3x.png	55	photo	0.0995	Photo	0.0103	Photo	4.40	0.24	png
people	david-utt-9p-V5MUdkLY-unsplash__pristine3x.png	75	photo	0.0993	Photo	0.0005	Photo	4.41	0.31	png
people	david-utt-9p-V5MUdkLY-unsplash__pristine3x.png	90	photo	0.0826	Photo	0.0000	Photo	4.49	0.43	png
people	dwayne-joe-1qJf4Jk8BH0-unsplash__pristine3x.png	15	photo	0.1791	Photo	0.1428	Screenshot	4.66	0.22	png
people	dwayne-joe-1qJf4Jk8BH0-unsplash__pristine3x.png	35	photo	0.2067	Photo	0.0542	Photo	5.37	0.58	png
people	dwayne-joe-1qJf4Jk8BH0-unsplash__pristine3x.png	55	photo	0.1349	Photo	0.0352	Photo	4.93	0.35	png
people	dwayne-joe-1qJf4Jk8BH0-unsplash__pristine3x.png	75	photo	0.1187	Photo	0.0195	Photo	5.19	0.38	png
people	dwayne-joe-1qJf4Jk8BH0-unsplash__pristine3x.png	90	photo	0.0952	Photo	0.0054	Photo	5.34	0.54	png
people	dwayne-joe-6-Rwiq8VbKs-unsplash__pristine3x.png	15	photo	0.5246	Photo	0.4158	Screenshot	5.08	0.21	png
people	dwayne-joe-6-Rwiq8VbKs-unsplash__pristine3x.png	35	photo	0.6089	Photo	0.3748	Screenshot	4.64	0.26	png
people	dwayne-joe-6-Rwiq8VbKs-unsplash__pristine3x.png	55	photo	0.5561	Photo	0.3647	Screenshot	4.71	0.32	png
people	dwayne-joe-6-Rwiq8VbKs-unsplash__pristine3x.png	75	photo	0.5501	Photo	0.3193	Screenshot	4.83	0.40	png
people	dwayne-joe-6-Rwiq8VbKs-unsplash__pristine3x.png	90	photo	0.5407	Photo	0.1289	Screenshot	4.75	0.50	png
screen	archive__details-collection__1440x900__dpr1.png	15	graphic	0.9936	Graphics	1.0000	Screenshot	4.13	0.14	png
screen	archive__details-collection__1440x900__dpr1.png	35	graphic	0.9936	Graphics	1.0000	Screenshot	4.03	0.15	png
screen	archive__details-collection__1440x900__dpr1.png	55	graphic	0.9931	Graphics	1.0000	Screenshot	4.11	0.14	png
screen	archive__details-collection__1440x900__dpr1.png	75	graphic	0.9934	Graphics	1.0000	Screenshot	3.99	0.12	png
screen	archive__details-collection__1440x900__dpr1.png	90	graphic	0.9934	Graphics	1.0000	Screenshot	4.00	0.13	png
screen	archive__wayback-search__1440x900__dpr1.png	15	graphic	0.9007	Graphics	0.5786	Screenshot	4.73	0.21	png
screen	archive__wayback-search__1440x900__dpr1.png	35	graphic	0.9411	Graphics	0.5515	Screenshot	4.40	0.23	png
screen	archive__wayback-search__1440x900__dpr1.png	55	graphic	0.9375	Graphics	0.5469	Screenshot	4.42	0.26	png
screen	archive__wayback-search__1440x900__dpr1.png	75	graphic	0.9426	Graphics	0.5393	Screenshot	4.51	0.29	png
screen	archive__wayback-search__1440x900__dpr1.png	90	graphic	0.9520	Graphics	0.5337	Screenshot	4.45	0.39	png
screen	archives__exhibits__1440x900__dpr1.png	15	graphic	0.9748	Graphics	0.7627	Screenshot	4.49	0.20	png
screen	archives__exhibits__1440x900__dpr1.png	35	graphic	0.9661	Graphics	0.7617	Screenshot	4.60	0.34	png
screen	archives__exhibits__1440x900__dpr1.png	55	graphic	0.9623	Graphics	0.7615	Screenshot	4.34	0.24	png
screen	archives__exhibits__1440x900__dpr1.png	75	graphic	0.9564	Graphics	0.7615	Screenshot	4.35	0.27	png
screen	archives__exhibits__1440x900__dpr1.png	90	graphic	0.9607	Graphics	0.7600	Screenshot	4.34	0.37	png
screen	bls__employment-situation__1440x900__dpr1.png	15	graphic	0.9657	Graphics	0.9844	Screenshot	4.08	0.14	png
screen	bls__employment-situation__1440x900__dpr1.png	35	graphic	0.9641	Graphics	0.9844	Screenshot	4.20	0.14	png
screen	bls__employment-situation__1440x900__dpr1.png	55	graphic	0.9631	Graphics	0.9844	Screenshot	4.17	0.12	png
screen	bls__employment-situation__1440x900__dpr1.png	75	graphic	0.9604	Graphics	0.9844	Screenshot	4.54	0.15	png
screen	bls__employment-situation__1440x900__dpr1.png	90	graphic	0.9628	Graphics	0.9844	Screenshot	4.41	0.15	png
screen	bookdown__r-stats__1440x900__dpr1.png	15	graphic	0.9819	Graphics	0.7422	Screenshot	4.45	0.21	png
screen	bookdown__r-stats__1440x900__dpr1.png	35	graphic	0.9835	Graphics	0.7393	Screenshot	4.34	0.23	png
screen	bookdown__r-stats__1440x900__dpr1.png	55	graphic	0.9820	Graphics	0.7383	Screenshot	4.26	0.23	png
screen	bookdown__r-stats__1440x900__dpr1.png	75	graphic	0.9813	Graphics	0.7383	Screenshot	4.27	0.24	png
screen	bookdown__r-stats__1440x900__dpr1.png	90	graphic	0.9813	Graphics	0.7373	Screenshot	4.94	0.37	png
screen	climate-gov__home__1440x900__dpr1.png	15	graphic	0.7137	Photo	0.6941	Screenshot	4.45	0.52	png
screen	climate-gov__home__1440x900__dpr1.png	35	graphic	0.7771	Photo	0.5422	Screenshot	4.41	0.27	png
screen	climate-gov__home__1440x900__dpr1.png	55	graphic	0.7644	Photo	0.4919	Screenshot	4.38	0.24	png
screen	climate-gov__home__1440x900__dpr1.png	75	graphic	0.7640	Photo	0.4690	Screenshot	4.40	0.27	png
screen	climate-gov__home__1440x900__dpr1.png	90	graphic	0.7576	Photo	0.4629	Screenshot	4.33	0.33	png
screen	climate__news__1440x900__dpr1.png	15	graphic	0.8427	Photo	0.7351	Screenshot	4.32	0.18	png
screen	climate__news__1440x900__dpr1.png	35	graphic	0.8442	Photo	0.7117	Screenshot	4.29	0.19	png
screen	climate__news__1440x900__dpr1.png	55	graphic	0.8309	Photo	0.7031	Screenshot	4.40	0.30	png
screen	climate__news__1440x900__dpr1.png	75	graphic	0.8305	Photo	0.6904	Screenshot	4.27	0.22	png
screen	climate__news__1440x900__dpr1.png	90	graphic	0.8136	Photo	0.6670	Screenshot	4.32	0.27	png
screen	commons__featured-pictures__1440x900__dpr1.png	15	graphic	0.9179	Graphics	0.6919	Screenshot	4.52	0.19	png
screen	commons__featured-pictures__1440x900__dpr1.png	35	graphic	0.9497	Graphics	0.6790	Screenshot	4.32	0.21	png
screen	commons__featured-pictures__1440x900__dpr1.png	55	graphic	0.9542	Graphics	0.6746	Screenshot	4.35	0.22	png
screen	commons__featured-pictures__1440x900__dpr1.png	75	graphic	0.9521	Graphics	0.6709	Screenshot	4.76	0.27	png
screen	commons__featured-pictures__1440x900__dpr1.png	90	graphic	0.9465	Graphics	0.6702	Screenshot	4.41	0.32	png
documents	office_census-acs-2024_questionnaire_p01_page1.png	15	graphic	0.9363	Graphics	0.7205	Screenshot	4.55	0.29	png
documents	office_census-acs-2024_questionnaire_p01_page1.png	35	graphic	0.9590	Graphics	0.7107	Screenshot	4.43	0.22	png
documents	office_census-acs-2024_questionnaire_p01_page1.png	55	graphic	0.9573	Graphics	0.7102	Screenshot	4.43	0.25	png
documents	office_census-acs-2024_questionnaire_p01_page1.png	75	graphic	0.9564	Graphics	0.7083	Screenshot	4.55	0.42	png
documents	office_census-acs-2024_questionnaire_p01_page1.png	90	graphic	0.9553	Graphics	0.7029	Screenshot	4.74	0.33	png
documents	office_fec-form3_campaign-finance_p01_page1.png	15	graphic	0.9847	Graphics	0.7888	Screenshot	4.51	0.18	png
documents	office_fec-form3_campaign-finance_p01_page1.png	35	graphic	0.9869	Graphics	0.7859	Screenshot	4.25	0.21	png
documents	office_fec-form3_campaign-finance_p01_page1.png	55	graphic	0.9877	Graphics	0.7854	Screenshot	4.26	0.20	png
documents	office_fec-form3_campaign-finance_p01_page1.png	75	graphic	0.9893	Graphics	0.7844	Screenshot	4.21	0.21	png
documents	office_fec-form3_campaign-finance_p01_page1.png	90	graphic	0.9863	Graphics	0.7832	Screenshot	4.16	0.22	png
documents	office_fedreg-2026-10621_rule_p01_page1.png	15	graphic	0.9479	Graphics	0.4434	Screenshot	5.00	0.26	png
documents	office_fedreg-2026-10621_rule_p01_page1.png	35	graphic	0.9615	Graphics	0.4333	Screenshot	4.62	0.30	png
documents	office_fedreg-2026-10621_rule_p01_page1.png	55	graphic	0.9675	Graphics	0.4214	Screenshot	4.77	0.35	png
documents	office_fedreg-2026-10621_rule_p01_page1.png	75	graphic	0.9613	Graphics	0.4172	Screenshot	4.60	0.40	png
documents	office_fedreg-2026-10621_rule_p01_page1.png	90	graphic	0.9694	Graphics	0.4150	Screenshot	4.52	0.51	png
documents	office_fedreg-2026-10639_notice_p01_page1.png	15	graphic	0.9379	Graphics	0.4619	Screenshot	4.78	0.28	png
documents	office_fedreg-2026-10639_notice_p01_page1.png	35	graphic	0.9521	Graphics	0.4526	Screenshot	5.01	0.30	png
documents	office_fedreg-2026-10639_notice_p01_page1.png	55	graphic	0.9575	Graphics	0.4412	Screenshot	4.71	0.42	png
documents	office_fedreg-2026-10639_notice_p01_page1.png	75	graphic	0.9472	Graphics	0.4390	Screenshot	4.65	0.42	png
documents	office_fedreg-2026-10639_notice_p01_page1.png	90	graphic	0.9577	Graphics	0.4380	Screenshot	4.60	0.53	png
documents	office_fedreg-2026-10643_proclamation_p01_page1.png	15	graphic	0.9362	Graphics	0.4238	Screenshot	5.09	0.26	png
documents	office_fedreg-2026-10643_proclamation_p01_page1.png	35	graphic	0.9573	Graphics	0.4175	Screenshot	4.67	0.31	png
documents	office_fedreg-2026-10643_proclamation_p01_page1.png	55	graphic	0.9643	Graphics	0.4109	Screenshot	5.04	0.36	png
documents	office_fedreg-2026-10643_proclamation_p01_page1.png	75	graphic	0.9568	Graphics	0.4092	Screenshot	4.83	0.43	png
documents	office_fedreg-2026-10643_proclamation_p01_page1.png	90	graphic	0.9661	Graphics	0.4077	Screenshot	4.49	0.53	png
documents	office_fedreg-2026-10733_presidential-doc_p01_page1.png	15	graphic	0.9635	Graphics	0.4983	Screenshot	4.71	0.28	png
documents	office_fedreg-2026-10733_presidential-doc_p01_page1.png	35	graphic	0.9730	Graphics	0.4915	Screenshot	4.68	0.31	png
documents	office_fedreg-2026-10733_presidential-doc_p01_page1.png	55	graphic	0.9778	Graphics	0.4897	Screenshot	4.60	0.33	png
documents	office_fedreg-2026-10733_presidential-doc_p01_page1.png	75	graphic	0.9743	Graphics	0.4885	Screenshot	4.50	0.38	png
documents	office_fedreg-2026-10733_presidential-doc_p01_page1.png	90	graphic	0.9792	Graphics	0.4856	Screenshot	4.57	0.50	png
documents	office_irs_f1040_p01_page1.png	15	graphic	0.7512	Photo	0.5044	Screenshot	4.75	0.27	png
documents	office_irs_f1040_p01_page1.png	35	graphic	0.8701	Graphics	0.5007	Screenshot	4.86	0.38	png
documents	office_irs_f1040_p01_page1.png	55	graphic	0.8673	Graphics	0.4988	Screenshot	4.65	0.31	png
documents	office_irs_f1040_p01_page1.png	75	graphic	0.8875	Graphics	0.4983	Screenshot	4.55	0.34	png
documents	office_irs_f1040_p01_page1.png	90	graphic	0.9113	Graphics	0.4971	Screenshot	4.42	0.43	png
documents	office_irs_f1040sa_p01_page1.png	15	graphic	0.9831	Graphics	0.6343	Screenshot	4.53	0.22	png
documents	office_irs_f1040sa_p01_page1.png	35	graphic	0.9867	Graphics	0.6150	Screenshot	4.40	0.24	png
documents	office_irs_f1040sa_p01_page1.png	55	graphic	0.9880	Graphics	0.6143	Screenshot	4.48	0.27	png
documents	office_irs_f1040sa_p01_page1.png	75	graphic	0.9875	Graphics	0.6130	Screenshot	4.37	0.29	png
documents	office_irs_f1040sa_p01_page1.png	90	graphic	0.9895	Graphics	0.6116	Screenshot	4.55	0.47	png
art-scans	haeckel_0007_cephalopods.png	15	photo	0.7789	Photo	0.6011	Screenshot	4.54	0.20	png
art-scans	haeckel_0007_cephalopods.png	35	photo	0.8540	Graphics	0.5305	Screenshot	4.60	0.23	png
art-scans	haeckel_0007_cephalopods.png	55	photo	0.8443	Photo	0.5029	Screenshot	4.54	0.26	png
art-scans	haeckel_0007_cephalopods.png	75	photo	0.8567	Graphics	0.4297	Screenshot	4.50	0.29	png
art-scans	haeckel_0007_cephalopods.png	90	photo	0.8569	Graphics	0.1602	Screenshot	4.45	0.37	png
art-scans	haeckel_0034_radiolaria-green.png	15	photo	0.2010	Photo	0.0061	Photo	5.27	0.26	png
art-scans	haeckel_0034_radiolaria-green.png	35	photo	0.3336	Photo	0.0000	Photo	5.11	0.33	png
art-scans	haeckel_0034_radiolaria-green.png	55	photo	0.2309	Photo	0.0000	Photo	5.12	0.37	png
art-scans	haeckel_0034_radiolaria-green.png	75	photo	0.2391	Photo	0.0000	Photo	5.05	0.43	png
art-scans	haeckel_0034_radiolaria-green.png	90	photo	0.2320	Photo	0.0000	Photo	5.11	0.70	png
art-scans	haeckel_0040_starfish.png	15	photo	0.0114	Photo	0.1648	Screenshot	5.07	0.26	png
art-scans	haeckel_0040_starfish.png	35	photo	0.0212	Photo	0.1016	Screenshot	5.01	0.31	png
art-scans	haeckel_0040_starfish.png	55	photo	0.0148	Photo	0.0771	Photo	5.02	0.35	png
art-scans	haeckel_0040_starfish.png	75	photo	0.0167	Photo	0.0457	Photo	5.05	0.41	png
art-scans	haeckel_0040_starfish.png	90	photo	0.0145	Photo	0.0107	Photo	5.12	0.58	png
art-scans	haeckel_0047_trilobites.png	15	photo	0.6467	Photo	0.5374	Screenshot	4.52	0.22	png
art-scans	haeckel_0047_trilobites.png	35	photo	0.8539	Graphics	0.4624	Screenshot	4.42	0.25	png
art-scans	haeckel_0047_trilobites.png	55	photo	0.8770	Graphics	0.3882	Screenshot	4.42	0.29	png
art-scans	haeckel_0047_trilobites.png	75	photo	0.9007	Graphics	0.2383	Screenshot	4.50	0.39	png
art-scans	haeckel_0047_trilobites.png	90	photo	0.8892	Graphics	0.0740	Photo	4.53	0.47	png
art-scans	haeckel_0058_moths.png	15	photo	0.0668	Photo	0.0005	Photo	4.89	0.31	png
art-scans	haeckel_0058_moths.png	35	photo	0.3753	Photo	0.0000	Photo	4.97	0.41	png
art-scans	haeckel_0058_moths.png	55	photo	0.4931	Photo	0.0000	Photo	4.93	0.47	png
art-scans	haeckel_0058_moths.png	75	photo	0.5021	Photo	0.0000	Photo	5.46	0.72	png
art-scans	haeckel_0058_moths.png	90	photo	0.4532	Photo	0.0000	Photo	5.40	0.80	png
art-scans	haeckel_0062_pitcher-plants.png	15	photo	0.5317	Photo	0.2244	Screenshot	4.95	0.29	png
art-scans	haeckel_0062_pitcher-plants.png	35	photo	0.7377	Photo	0.1731	Screenshot	4.87	0.27	png
art-scans	haeckel_0062_pitcher-plants.png	55	photo	0.7151	Photo	0.1577	Screenshot	4.81	0.31	png
art-scans	haeckel_0062_pitcher-plants.png	75	photo	0.7644	Photo	0.1284	Screenshot	4.85	0.37	png
art-scans	haeckel_0062_pitcher-plants.png	90	photo	0.7733	Photo	0.0291	Photo	4.81	0.49	png
art-scans	haeckel_0065_red-algae.png	15	photo	0.0026	Photo	0.0962	Photo	5.14	0.27	png
art-scans	haeckel_0065_red-algae.png	35	photo	0.0094	Photo	0.0186	Photo	5.45	0.37	png
art-scans	haeckel_0065_red-algae.png	55	photo	0.0069	Photo	0.0073	Photo	5.01	0.42	png
art-scans	haeckel_0065_red-algae.png	75	photo	0.0067	Photo	0.0020	Photo	5.08	0.50	png
art-scans	haeckel_0065_red-algae.png	90	photo	0.0062	Photo	0.0002	Photo	5.07	0.68	png
art-scans	haeckel_0090_radiolaria-spheres.png	15	photo	0.4716	Photo	0.6011	Screenshot	4.84	0.31	png
art-scans	haeckel_0090_radiolaria-spheres.png	35	photo	0.7402	Photo	0.4768	Screenshot	4.61	0.27	png
art-scans	haeckel_0090_radiolaria-spheres.png	55	photo	0.7591	Photo	0.3821	Screenshot	5.05	0.29	png
art-scans	haeckel_0090_radiolaria-spheres.png	75	photo	0.7920	Photo	0.2185	Screenshot	4.55	0.33	png
art-scans	haeckel_0090_radiolaria-spheres.png	90	photo	0.7997	Photo	0.0530	Photo	4.70	0.46	png
maps	nps_nps-bibe-2023-Wild-and-Scenic-Rivers-Brochure_p01.png	15	graphic	0.9051	Graphics	0.5508	Screenshot	4.53	0.22	png
maps	nps_nps-bibe-2023-Wild-and-Scenic-Rivers-Brochure_p01.png	35	graphic	0.8993	Graphics	0.5266	Screenshot	4.66	0.34	png
maps	nps_nps-bibe-2023-Wild-and-Scenic-Rivers-Brochure_p01.png	55	graphic	0.9048	Graphics	0.5093	Screenshot	4.47	0.26	png
maps	nps_nps-bibe-2023-Wild-and-Scenic-Rivers-Brochure_p01.png	75	graphic	0.9214	Graphics	0.4321	Screenshot	4.54	0.37	png
maps	nps_nps-bibe-2023-Wild-and-Scenic-Rivers-Brochure_p01.png	90	graphic	0.9235	Graphics	0.1951	Screenshot	4.45	0.42	png
maps	nps_nps-bibe-2023-Wild-and-Scenic-Rivers-Brochure_p02.png	15	graphic	0.9331	Graphics	0.8206	Screenshot	4.59	0.20	png
maps	nps_nps-bibe-2023-Wild-and-Scenic-Rivers-Brochure_p02.png	35	graphic	0.9381	Graphics	0.6128	Screenshot	4.67	0.25	png
maps	nps_nps-bibe-2023-Wild-and-Scenic-Rivers-Brochure_p02.png	55	graphic	0.9127	Graphics	0.4333	Screenshot	4.30	0.20	png
maps	nps_nps-bibe-2023-Wild-and-Scenic-Rivers-Brochure_p02.png	75	graphic	0.8950	Graphics	0.1829	Screenshot	4.67	0.23	png
maps	nps_nps-bibe-2023-Wild-and-Scenic-Rivers-Brochure_p02.png	90	graphic	0.8912	Graphics	0.0984	Photo	4.66	0.28	png
maps	nps_nps-biho-FINAL-VERSION_BIHO-unigrid_Side-1_X3_compressed-for-web-6_p01.png	15	graphic	0.3224	Photo	0.6487	Screenshot	4.41	0.18	png
maps	nps_nps-biho-FINAL-VERSION_BIHO-unigrid_Side-1_X3_compressed-for-web-6_p01.png	35	graphic	0.3757	Photo	0.5205	Screenshot	4.38	0.29	png
maps	nps_nps-biho-FINAL-VERSION_BIHO-unigrid_Side-1_X3_compressed-for-web-6_p01.png	55	graphic	0.3885	Photo	0.4897	Screenshot	4.20	0.21	png
maps	nps_nps-biho-FINAL-VERSION_BIHO-unigrid_Side-1_X3_compressed-for-web-6_p01.png	75	graphic	0.4140	Photo	0.4583	Screenshot	4.59	0.25	png
maps	nps_nps-biho-FINAL-VERSION_BIHO-unigrid_Side-1_X3_compressed-for-web-6_p01.png	90	graphic	0.4412	Photo	0.4275	Screenshot	4.20	0.27	png
maps	nps_nps-blca-Black_Canyon_unigrid_2023_508_web_p01.png	15	graphic	0.5018	Photo	0.8303	Screenshot	4.40	0.17	png
maps	nps_nps-blca-Black_Canyon_unigrid_2023_508_web_p01.png	35	graphic	0.5493	Photo	0.7478	Screenshot	4.18	0.18	png
maps	nps_nps-blca-Black_Canyon_unigrid_2023_508_web_p01.png	55	graphic	0.5512	Photo	0.6890	Screenshot	4.25	0.17	png
maps	nps_nps-blca-Black_Canyon_unigrid_2023_508_web_p01.png	75	graphic	0.6083	Photo	0.5991	Screenshot	4.26	0.18	png
maps	nps_nps-blca-Black_Canyon_unigrid_2023_508_web_p01.png	90	graphic	0.5717	Photo	0.4670	Screenshot	4.18	0.24	png
maps	nps_nps-blca-Black_Canyon_unigrid_2023_508_web_p02.png	15	graphic	0.7509	Photo	0.7366	Screenshot	4.29	0.19	png
maps	nps_nps-blca-Black_Canyon_unigrid_2023_508_web_p02.png	35	graphic	0.7855	Photo	0.5032	Screenshot	4.20	0.18	png
maps	nps_nps-blca-Black_Canyon_unigrid_2023_508_web_p02.png	55	graphic	0.7648	Photo	0.3567	Screenshot	4.21	0.19	png
maps	nps_nps-blca-Black_Canyon_unigrid_2023_508_web_p02.png	75	graphic	0.7423	Photo	0.2444	Screenshot	4.29	0.24	png
maps	nps_nps-blca-Black_Canyon_unigrid_2023_508_web_p02.png	90	graphic	0.7532	Photo	0.1816	Screenshot	4.56	0.31	png
maps	nps_nps-cany-ISKY-Backcountry-Zone-Map-Final-508_p01.png	15	graphic	0.7679	Photo	0.3340	Screenshot	4.57	0.23	png
maps	nps_nps-cany-ISKY-Backcountry-Zone-Map-Final-508_p01.png	35	graphic	0.8001	Photo	0.1748	Screenshot	4.56	0.27	png
maps	nps_nps-cany-ISKY-Backcountry-Zone-Map-Final-508_p01.png	55	graphic	0.7560	Photo	0.1008	Screenshot	4.60	0.29	png
maps	nps_nps-cany-ISKY-Backcountry-Zone-Map-Final-508_p01.png	75	graphic	0.7479	Photo	0.0417	Photo	4.59	0.41	png
maps	nps_nps-cany-ISKY-Backcountry-Zone-Map-Final-508_p01.png	90	graphic	0.7610	Photo	0.0107	Photo	4.59	0.45	png
maps	nps_nps-cany-IslandRoadsandTrailsUpdated24-508forweb_p01.png	15	graphic	0.9601	Graphics	0.6941	Screenshot	4.68	0.41	png
maps	nps_nps-cany-IslandRoadsandTrailsUpdated24-508forweb_p01.png	35	graphic	0.9684	Graphics	0.6777	Screenshot	4.66	0.23	png
maps	nps_nps-cany-IslandRoadsandTrailsUpdated24-508forweb_p01.png	55	graphic	0.9637	Graphics	0.6716	Screenshot	4.58	0.26	png
maps	nps_nps-cany-IslandRoadsandTrailsUpdated24-508forweb_p01.png	75	graphic	0.9570	Graphics	0.6658	Screenshot	4.73	0.27	png
maps	nps_nps-cany-IslandRoadsandTrailsUpdated24-508forweb_p01.png	90	graphic	0.9581	Graphics	0.6572	Screenshot	4.34	0.33	png
maps	nps_nps-cany-IslandRoadsandTrailsUpdated24-508forweb_p02.png	15	graphic	0.9882	Graphics	0.7983	Screenshot	4.28	0.19	png
maps	nps_nps-cany-IslandRoadsandTrailsUpdated24-508forweb_p02.png	35	graphic	0.9897	Graphics	0.7952	Screenshot	4.55	0.21	png
maps	nps_nps-cany-IslandRoadsandTrailsUpdated24-508forweb_p02.png	55	graphic	0.9896	Graphics	0.7942	Screenshot	4.61	0.23	png
maps	nps_nps-cany-IslandRoadsandTrailsUpdated24-508forweb_p02.png	75	graphic	0.9896	Graphics	0.7920	Screenshot	4.42	0.24	png
maps	nps_nps-cany-IslandRoadsandTrailsUpdated24-508forweb_p02.png	90	graphic	0.9904	Graphics	0.7910	Screenshot	4.16	0.26	png
renders	a-chosen-soul-MOIGsaj8te0-unsplash__pristine3x.png	15	photo	0.0187	Photo	0.6560	Screenshot	4.32	0.23	png
renders	a-chosen-soul-MOIGsaj8te0-unsplash__pristine3x.png	35	photo	0.0180	Photo	0.5200	Screenshot	4.38	0.20	png
renders	a-chosen-soul-MOIGsaj8te0-unsplash__pristine3x.png	55	photo	0.0158	Photo	0.4578	Screenshot	4.36	0.20	png
renders	a-chosen-soul-MOIGsaj8te0-unsplash__pristine3x.png	75	photo	0.0155	Photo	0.3772	Screenshot	4.30	0.23	png
renders	a-chosen-soul-MOIGsaj8te0-unsplash__pristine3x.png	90	photo	0.0132	Photo	0.1726	Screenshot	4.36	0.29	png
renders	anton-sobotyak-g7aYFxxNTVA-unsplash__pristine3x.png	15	photo	0.0177	Photo	0.9319	Screenshot	4.10	0.16	png
renders	anton-sobotyak-g7aYFxxNTVA-unsplash__pristine3x.png	35	photo	0.0322	Photo	0.8181	Screenshot	4.11	0.16	png
renders	anton-sobotyak-g7aYFxxNTVA-unsplash__pristine3x.png	55	photo	0.0241	Photo	0.6487	Screenshot	4.51	0.19	png
renders	anton-sobotyak-g7aYFxxNTVA-unsplash__pristine3x.png	75	photo	0.0217	Photo	0.4502	Screenshot	4.14	0.20	png
renders	anton-sobotyak-g7aYFxxNTVA-unsplash__pristine3x.png	90	photo	0.0190	Photo	0.2739	Screenshot	4.17	0.21	png
renders	itsiken-pmYoy3WaFPU-unsplash__pristine3x.png	15	photo	0.5506	Photo	0.5283	Screenshot	4.49	0.22	png
renders	itsiken-pmYoy3WaFPU-unsplash__pristine3x.png	35	photo	0.6876	Photo	0.2979	Screenshot	4.42	0.21	png
renders	itsiken-pmYoy3WaFPU-unsplash__pristine3x.png	55	photo	0.5462	Photo	0.1770	Screenshot	4.45	0.26	png
renders	itsiken-pmYoy3WaFPU-unsplash__pristine3x.png	75	photo	0.5326	Photo	0.0557	Photo	4.47	0.30	png
renders	itsiken-pmYoy3WaFPU-unsplash__pristine3x.png	90	photo	0.5061	Photo	0.0010	Photo	4.51	0.42	png
renders	logan-voss-YM9B8FkeO3w-unsplash__pristine3x.png	15	photo	0.1139	Photo	0.1028	Screenshot	5.24	0.31	png
renders	logan-voss-YM9B8FkeO3w-unsplash__pristine3x.png	35	photo	0.1011	Photo	0.0823	Photo	5.19	0.42	png
renders	logan-voss-YM9B8FkeO3w-unsplash__pristine3x.png	55	photo	0.0737	Photo	0.0750	Photo	5.25	0.52	png
renders	logan-voss-YM9B8FkeO3w-unsplash__pristine3x.png	75	photo	0.0591	Photo	0.0632	Photo	5.21	0.61	png
renders	logan-voss-YM9B8FkeO3w-unsplash__pristine3x.png	90	photo	0.0566	Photo	0.0479	Photo	5.22	0.89	png
renders	logan-voss-z_e_ZrFty00-unsplash__pristine3x.png	15	photo	0.1876	Photo	0.1001	Screenshot	4.95	0.24	png
renders	logan-voss-z_e_ZrFty00-unsplash__pristine3x.png	35	photo	0.2308	Photo	0.0461	Photo	4.78	0.29	png
renders	logan-voss-z_e_ZrFty00-unsplash__pristine3x.png	55	photo	0.1919	Photo	0.0283	Photo	4.84	0.33	png
renders	logan-voss-z_e_ZrFty00-unsplash__pristine3x.png	75	photo	0.2082	Photo	0.0132	Photo	4.81	0.42	png
renders	logan-voss-z_e_ZrFty00-unsplash__pristine3x.png	90	photo	0.1956	Photo	0.0037	Photo	4.89	0.48	png
renders	luthfi-alfarizi-wOrzBPhY654-unsplash__pristine3x.png	15	photo	0.2943	Photo	0.5869	Screenshot	4.48	0.21	png
renders	luthfi-alfarizi-wOrzBPhY654-unsplash__pristine3x.png	35	photo	0.4130	Photo	0.3167	Screenshot	4.55	0.38	png
renders	luthfi-alfarizi-wOrzBPhY654-unsplash__pristine3x.png	55	photo	0.2622	Photo	0.1177	Screenshot	4.45	0.26	png
renders	luthfi-alfarizi-wOrzBPhY654-unsplash__pristine3x.png	75	photo	0.2702	Photo	0.0208	Photo	4.51	0.31	png
renders	luthfi-alfarizi-wOrzBPhY654-unsplash__pristine3x.png	90	photo	0.2633	Photo	0.0010	Photo	4.64	0.45	png
renders	marek-pavlik-FOzwxaGkA1o-unsplash__pristine3x.png	15	photo	0.0241	Photo	0.7341	Screenshot	4.37	0.21	png
renders	marek-pavlik-FOzwxaGkA1o-unsplash__pristine3x.png	35	photo	0.0290	Photo	0.3269	Screenshot	4.36	0.23	png
renders	marek-pavlik-FOzwxaGkA1o-unsplash__pristine3x.png	55	photo	0.0165	Photo	0.1458	Screenshot	4.38	0.28	png
renders	marek-pavlik-FOzwxaGkA1o-unsplash__pristine3x.png	75	photo	0.0165	Photo	0.0364	Photo	4.81	0.31	png
renders	marek-pavlik-FOzwxaGkA1o-unsplash__pristine3x.png	90	photo	0.0164	Photo	0.0000	Photo	4.84	0.44	png
renders	matt-str-L5BTvO8eEyQ-unsplash__pristine3x.png	15	photo	0.2737	Photo	0.6011	Screenshot	4.39	0.19	png
renders	matt-str-L5BTvO8eEyQ-unsplash__pristine3x.png	35	photo	0.3382	Photo	0.4722	Screenshot	4.41	0.23	png
renders	matt-str-L5BTvO8eEyQ-unsplash__pristine3x.png	55	photo	0.3453	Photo	0.3784	Screenshot	4.38	0.26	png
renders	matt-str-L5BTvO8eEyQ-unsplash__pristine3x.png	75	photo	0.3728	Photo	0.2739	Screenshot	4.71	0.29	png
renders	matt-str-L5BTvO8eEyQ-unsplash__pristine3x.png	90	photo	0.3760	Photo	0.1294	Screenshot	4.40	0.40	png
textures	anca-gabriela-zosin-bMOnYbmQxHA-unsplash__pristine3x.png	15	photo	0.0907	Photo	0.8716	Screenshot	4.32	0.17	png
textures	anca-gabriela-zosin-bMOnYbmQxHA-unsplash__pristine3x.png	35	photo	0.0861	Photo	0.7913	Screenshot	4.51	0.19	png
textures	anca-gabriela-zosin-bMOnYbmQxHA-unsplash__pristine3x.png	55	photo	0.1077	Photo	0.7290	Screenshot	4.31	0.20	png
textures	anca-gabriela-zosin-bMOnYbmQxHA-unsplash__pristine3x.png	75	photo	0.0843	Photo	0.5637	Screenshot	4.31	0.23	png
textures	anca-gabriela-zosin-bMOnYbmQxHA-unsplash__pristine3x.png	90	photo	0.0623	Photo	0.0718	Photo	4.27	0.29	png
textures	bernd-dittrich-3MdsHe3IIOk-unsplash__pristine3x.png	15	photo	0.2120	Photo	0.0474	Photo	5.06	0.27	png
textures	bernd-dittrich-3MdsHe3IIOk-unsplash__pristine3x.png	35	photo	0.3654	Photo	0.0093	Photo	5.01	0.37	png
textures	bernd-dittrich-3MdsHe3IIOk-unsplash__pristine3x.png	55	photo	0.2977	Photo	0.0017	Photo	5.06	0.43	png
textures	bernd-dittrich-3MdsHe3IIOk-unsplash__pristine3x.png	75	photo	0.2290	Photo	0.0000	Photo	5.02	0.52	png
textures	bernd-dittrich-3MdsHe3IIOk-unsplash__pristine3x.png	90	photo	0.2202	Photo	0.0000	Photo	5.10	0.76	png
textures	han-hyunjun-Zd1u_C1BF8A-unsplash__pristine3x.png	15	photo	0.2950	Photo	0.4519	Screenshot	4.39	0.20	png
textures	han-hyunjun-Zd1u_C1BF8A-unsplash__pristine3x.png	35	photo	0.4523	Photo	0.2939	Screenshot	4.38	0.23	png
textures	han-hyunjun-Zd1u_C1BF8A-unsplash__pristine3x.png	55	photo	0.3248	Photo	0.1931	Screenshot	4.34	0.24	png
textures	han-hyunjun-Zd1u_C1BF8A-unsplash__pristine3x.png	75	photo	0.3484	Photo	0.0881	Photo	4.34	0.28	png
textures	han-hyunjun-Zd1u_C1BF8A-unsplash__pristine3x.png	90	photo	0.3622	Photo	0.0259	Photo	4.39	0.36	png
textures	hwang-sanguk-k0TLJWRabXg-unsplash__pristine3x.png	15	photo	0.0109	Photo	0.0010	Photo	5.33	0.25	png
textures	hwang-sanguk-k0TLJWRabXg-unsplash__pristine3x.png	35	photo	0.0411	Photo	0.0000	Photo	5.52	0.55	png
textures	hwang-sanguk-k0TLJWRabXg-unsplash__pristine3x.png	55	photo	0.0321	Photo	0.0000	Photo	5.56	0.40	png
textures	hwang-sanguk-k0TLJWRabXg-unsplash__pristine3x.png	75	photo	0.0281	Photo	0.0000	Photo	5.52	0.56	png
textures	hwang-sanguk-k0TLJWRabXg-unsplash__pristine3x.png	90	photo	0.0171	Photo	0.0000	Photo	5.31	0.72	png
textures	logan-voss-BsFDgF4XTac-unsplash__pristine3x.png	15	photo	0.0081	Photo	0.0002	Photo	5.90	0.37	png
textures	logan-voss-BsFDgF4XTac-unsplash__pristine3x.png	35	photo	0.0026	Photo	0.0000	Photo	4.89	0.48	png
textures	logan-voss-BsFDgF4XTac-unsplash__pristine3x.png	55	photo	0.0028	Photo	0.0000	Photo	4.90	0.57	png
textures	logan-voss-BsFDgF4XTac-unsplash__pristine3x.png	75	photo	0.0024	Photo	0.0000	Photo	5.07	0.74	png
textures	logan-voss-BsFDgF4XTac-unsplash__pristine3x.png	90	photo	0.0026	Photo	0.0000	Photo	5.07	1.04	png
textures	nastia-petruk-FkM3BDS8F3E-unsplash__pristine3x.png	15	photo	0.7060	Photo	0.4875	Screenshot	4.38	0.19	png
textures	nastia-petruk-FkM3BDS8F3E-unsplash__pristine3x.png	35	photo	0.8109	Photo	0.2786	Screenshot	4.30	0.20	png
textures	nastia-petruk-FkM3BDS8F3E-unsplash__pristine3x.png	55	photo	0.7320	Photo	0.2026	Screenshot	4.73	0.25	png
textures	nastia-petruk-FkM3BDS8F3E-unsplash__pristine3x.png	75	photo	0.7376	Photo	0.1243	Screenshot	4.34	0.27	png
textures	nastia-petruk-FkM3BDS8F3E-unsplash__pristine3x.png	90	photo	0.5764	Photo	0.0332	Photo	4.36	0.41	png
textures	pawel-czerwinski-krA9zndPlrA-unsplash__pristine3x.png	15	photo	0.0183	Photo	0.2734	Screenshot	4.67	0.23	png
textures	pawel-czerwinski-krA9zndPlrA-unsplash__pristine3x.png	35	photo	0.0132	Photo	0.1560	Screenshot	4.49	0.23	png
textures	pawel-czerwinski-krA9zndPlrA-unsplash__pristine3x.png	55	photo	0.0098	Photo	0.1187	Screenshot	4.45	0.26	png
textures	pawel-czerwinski-krA9zndPlrA-unsplash__pristine3x.png	75	photo	0.0100	Photo	0.0776	Photo	4.54	0.31	png
textures	pawel-czerwinski-krA9zndPlrA-unsplash__pristine3x.png	90	photo	0.0093	Photo	0.0144	Photo	4.95	0.48	png
textures	teresa-xcheFHoppXE-unsplash__pristine3x.png	15	photo	0.3235	Photo	0.3677	Screenshot	4.60	0.24	png
textures	teresa-xcheFHoppXE-unsplash__pristine3x.png	35	photo	0.3661	Photo	0.1572	Screenshot	4.75	0.26	png
textures	teresa-xcheFHoppXE-unsplash__pristine3x.png	55	photo	0.2725	Photo	0.1025	Screenshot	4.51	0.36	png
textures	teresa-xcheFHoppXE-unsplash__pristine3x.png	75	photo	0.2847	Photo	0.0576	Photo	4.54	0.34	png
textures	teresa-xcheFHoppXE-unsplash__pristine3x.png	90	photo	0.2914	Photo	0.0093	Photo	4.77	0.56	png
