sub	stem	deg	variant	psnr	ssim2	butter_n3
photos	artistic-Screenshot_20260526_075006_Gallery	clean	lanczos	42.077	89.407	0.6944
photos	artistic-Screenshot_20260526_075006_Gallery	q75	lanczos	34.663	63.935	1.9699
photos	artistic-Screenshot_20260526_075006_Gallery	q50	lanczos	32.447	48.025	2.8208
photos	artistic-Screenshot_20260526_075006_Gallery	q35	lanczos	31.279	36.134	3.4375
photos	artistic-Screenshot_20260526_075006_Gallery	clean	realesrgan_x4	25.735	24.417	7.8864
photos	artistic-Screenshot_20260526_075006_Gallery	q75	realesrgan_x4	25.409	15.878	8.6030
photos	artistic-Screenshot_20260526_075006_Gallery	q50	realesrgan_x4	25.128	7.427	8.8476
photos	artistic-Screenshot_20260526_075006_Gallery	q35	realesrgan_x4	24.741	-2.111	10.0004
photos	artistic-Screenshot_20260526_075006_Gallery	clean	realesrnet_x4	27.862	21.077	6.7648
photos	artistic-Screenshot_20260526_075006_Gallery	q75	realesrnet_x4	29.798	31.707	5.9469
photos	artistic-Screenshot_20260526_075006_Gallery	q50	realesrnet_x4	29.881	30.988	5.8900
photos	artistic-Screenshot_20260526_075006_Gallery	q35	realesrnet_x4	29.760	25.626	5.7849
photos	artistic-Screenshot_20260526_075006_Gallery	clean	faceupdat_x4	29.773	16.586	3.7860
photos	artistic-Screenshot_20260526_075006_Gallery	q75	faceupdat_x4	28.518	1.953	4.4106
photos	artistic-Screenshot_20260526_075006_Gallery	q50	faceupdat_x4	28.117	-5.741	4.7315
photos	artistic-Screenshot_20260526_075006_Gallery	q35	faceupdat_x4	28.189	-7.400	4.7998
photos	artistic-Screenshot_20260526_075006_Gallery	clean	nomoswebphoto_plksr_x4	27.934	51.883	4.6321
photos	artistic-Screenshot_20260526_075006_Gallery	q75	nomoswebphoto_plksr_x4	26.961	40.071	5.1395
photos	artistic-Screenshot_20260526_075006_Gallery	q50	nomoswebphoto_plksr_x4	25.946	27.861	5.9945
photos	artistic-Screenshot_20260526_075006_Gallery	q35	nomoswebphoto_plksr_x4	25.841	19.932	6.1499
photos	artistic-Screenshot_20260526_075006_Gallery	clean	a2c_compact_x2	34.250	70.592	1.9889
photos	artistic-Screenshot_20260526_075006_Gallery	q75	a2c_compact_x2	31.757	54.180	2.7449
photos	artistic-Screenshot_20260526_075006_Gallery	q50	a2c_compact_x2	30.294	40.586	3.3923
photos	artistic-Screenshot_20260526_075006_Gallery	q35	a2c_compact_x2	29.509	30.391	3.8380
people	ashford-marx-5nEMKAK1WQs-unsplash	clean	lanczos	27.051	60.158	2.8502
people	ashford-marx-5nEMKAK1WQs-unsplash	q75	lanczos	25.612	43.751	3.1612
people	ashford-marx-5nEMKAK1WQs-unsplash	q50	lanczos	24.434	25.078	3.7731
people	ashford-marx-5nEMKAK1WQs-unsplash	q35	lanczos	23.819	13.129	4.2282
people	ashford-marx-5nEMKAK1WQs-unsplash	clean	realesrgan_x4	25.349	37.617	4.2710
people	ashford-marx-5nEMKAK1WQs-unsplash	q75	realesrgan_x4	24.579	22.056	4.3025
people	ashford-marx-5nEMKAK1WQs-unsplash	q50	realesrgan_x4	23.898	6.222	4.7331
people	ashford-marx-5nEMKAK1WQs-unsplash	q35	realesrgan_x4	23.454	-4.580	4.8897
people	ashford-marx-5nEMKAK1WQs-unsplash	clean	realesrnet_x4	27.520	58.915	3.1443
people	ashford-marx-5nEMKAK1WQs-unsplash	q75	realesrnet_x4	26.362	46.703	3.2352
people	ashford-marx-5nEMKAK1WQs-unsplash	q50	realesrnet_x4	25.113	28.678	3.6709
people	ashford-marx-5nEMKAK1WQs-unsplash	q35	realesrnet_x4	24.461	16.422	4.0587
people	ashford-marx-5nEMKAK1WQs-unsplash	clean	faceupdat_x4	25.396	6.404	3.8843
people	ashford-marx-5nEMKAK1WQs-unsplash	q75	faceupdat_x4	24.083	-15.052	4.7536
people	ashford-marx-5nEMKAK1WQs-unsplash	q50	faceupdat_x4	23.186	-28.065	5.4823
people	ashford-marx-5nEMKAK1WQs-unsplash	q35	faceupdat_x4	22.786	-33.985	5.9865
people	ashford-marx-5nEMKAK1WQs-unsplash	clean	nomoswebphoto_plksr_x4	23.587	38.502	4.7547
people	ashford-marx-5nEMKAK1WQs-unsplash	q75	nomoswebphoto_plksr_x4	23.207	24.776	4.7502
people	ashford-marx-5nEMKAK1WQs-unsplash	q50	nomoswebphoto_plksr_x4	23.175	12.654	4.6207
people	ashford-marx-5nEMKAK1WQs-unsplash	q35	nomoswebphoto_plksr_x4	22.957	4.280	4.6846
people	ashford-marx-5nEMKAK1WQs-unsplash	clean	a2c_compact_x2	26.853	56.123	3.0807
people	ashford-marx-5nEMKAK1WQs-unsplash	q75	a2c_compact_x2	25.027	35.589	3.8249
people	ashford-marx-5nEMKAK1WQs-unsplash	q50	a2c_compact_x2	23.754	16.620	4.3774
people	ashford-marx-5nEMKAK1WQs-unsplash	q35	a2c_compact_x2	23.145	5.870	4.8218
art-scans	illustrations-haeckel_0090_radiolaria-spheres	clean	lanczos	28.119	69.555	2.1308
art-scans	illustrations-haeckel_0090_radiolaria-spheres	q75	lanczos	26.045	46.679	2.6832
art-scans	illustrations-haeckel_0090_radiolaria-spheres	q50	lanczos	24.676	29.057	3.3910
art-scans	illustrations-haeckel_0090_radiolaria-spheres	q35	lanczos	23.724	17.624	3.9296
art-scans	illustrations-haeckel_0090_radiolaria-spheres	clean	realesrgan_x4	21.646	-9.486	8.6576
art-scans	illustrations-haeckel_0090_radiolaria-spheres	q75	realesrgan_x4	21.181	-13.939	8.5837
art-scans	illustrations-haeckel_0090_radiolaria-spheres	q50	realesrgan_x4	20.811	-19.592	8.5304
art-scans	illustrations-haeckel_0090_radiolaria-spheres	q35	realesrgan_x4	20.472	-23.209	9.2868
art-scans	illustrations-haeckel_0090_radiolaria-spheres	clean	realesrnet_x4	23.454	10.397	4.9994
art-scans	illustrations-haeckel_0090_radiolaria-spheres	q75	realesrnet_x4	22.922	7.715	5.5472
art-scans	illustrations-haeckel_0090_radiolaria-spheres	q50	realesrnet_x4	22.325	-0.974	5.9567
art-scans	illustrations-haeckel_0090_radiolaria-spheres	q35	realesrnet_x4	22.114	-4.503	6.2766
art-scans	illustrations-haeckel_0090_radiolaria-spheres	clean	faceupdat_x4	24.395	27.583	4.5239
art-scans	illustrations-haeckel_0090_radiolaria-spheres	q75	faceupdat_x4	22.213	-1.462	5.7475
art-scans	illustrations-haeckel_0090_radiolaria-spheres	q50	faceupdat_x4	21.846	-8.057	6.1163
art-scans	illustrations-haeckel_0090_radiolaria-spheres	q35	faceupdat_x4	21.773	-9.641	6.5070
art-scans	illustrations-haeckel_0090_radiolaria-spheres	clean	nomoswebphoto_plksr_x4	23.705	35.600	4.1837
art-scans	illustrations-haeckel_0090_radiolaria-spheres	q75	nomoswebphoto_plksr_x4	23.110	24.802	5.1041
art-scans	illustrations-haeckel_0090_radiolaria-spheres	q50	nomoswebphoto_plksr_x4	22.139	15.145	5.4885
art-scans	illustrations-haeckel_0090_radiolaria-spheres	q35	nomoswebphoto_plksr_x4	21.287	7.829	6.9234
art-scans	illustrations-haeckel_0090_radiolaria-spheres	clean	a2c_compact_x2	25.191	52.493	3.0136
art-scans	illustrations-haeckel_0090_radiolaria-spheres	q75	a2c_compact_x2	23.913	33.948	3.8174
art-scans	illustrations-haeckel_0090_radiolaria-spheres	q50	a2c_compact_x2	23.097	21.320	4.2829
art-scans	illustrations-haeckel_0090_radiolaria-spheres	q35	a2c_compact_x2	22.703	13.228	4.6943
photos	artistic-20231206_150232	clean	lanczos	19.921	18.397	7.1202
photos	artistic-20231206_150232	q75	lanczos	19.449	10.633	7.2832
photos	artistic-20231206_150232	q50	lanczos	18.871	1.080	7.5260
photos	artistic-20231206_150232	q35	lanczos	18.456	-6.729	7.8244
photos	artistic-20231206_150232	clean	realesrgan_x4	20.945	6.361	5.5366
photos	artistic-20231206_150232	q75	realesrgan_x4	20.626	-0.110	5.9828
photos	artistic-20231206_150232	q50	realesrgan_x4	20.066	-7.563	6.2258
photos	artistic-20231206_150232	q35	realesrgan_x4	19.609	-13.433	6.5950
photos	artistic-20231206_150232	clean	realesrnet_x4	21.486	15.736	5.4464
photos	artistic-20231206_150232	q75	realesrnet_x4	21.038	9.224	5.5599
photos	artistic-20231206_150232	q50	realesrnet_x4	20.483	1.286	5.6878
photos	artistic-20231206_150232	q35	realesrnet_x4	20.001	-4.483	6.0488
photos	artistic-20231206_150232	clean	faceupdat_x4	20.551	4.494	6.0570
photos	artistic-20231206_150232	q75	faceupdat_x4	19.427	-6.801	6.2048
photos	artistic-20231206_150232	q50	faceupdat_x4	18.782	-13.896	6.3971
photos	artistic-20231206_150232	q35	faceupdat_x4	18.367	-19.125	6.6412
photos	artistic-20231206_150232	clean	nomoswebphoto_plksr_x4	21.507	8.030	8.3903
photos	artistic-20231206_150232	q75	nomoswebphoto_plksr_x4	20.506	-0.912	8.9553
photos	artistic-20231206_150232	q50	nomoswebphoto_plksr_x4	19.556	-7.537	9.2777
photos	artistic-20231206_150232	q35	nomoswebphoto_plksr_x4	18.857	-13.660	9.8300
photos	artistic-20231206_150232	clean	a2c_compact_x2	22.529	31.959	5.0048
photos	artistic-20231206_150232	q75	a2c_compact_x2	21.627	19.778	5.6908
photos	artistic-20231206_150232	q50	a2c_compact_x2	20.717	10.290	6.2289
photos	artistic-20231206_150232	q35	a2c_compact_x2	20.082	3.325	6.7275
art-scans	illustrations-haeckel_0040_starfish	clean	lanczos	32.887	80.458	1.0835
art-scans	illustrations-haeckel_0040_starfish	q75	lanczos	22.892	19.875	5.0272
art-scans	illustrations-haeckel_0040_starfish	q50	lanczos	21.417	-2.842	6.8216
art-scans	illustrations-haeckel_0040_starfish	q35	lanczos	20.729	-15.665	7.9891
art-scans	illustrations-haeckel_0040_starfish	clean	realesrgan_x4	21.817	10.798	7.2433
art-scans	illustrations-haeckel_0040_starfish	q75	realesrgan_x4	21.340	4.796	7.3614
art-scans	illustrations-haeckel_0040_starfish	q50	realesrgan_x4	20.550	-13.740	8.1902
art-scans	illustrations-haeckel_0040_starfish	q35	realesrgan_x4	20.123	-23.165	8.6805
art-scans	illustrations-haeckel_0040_starfish	clean	realesrnet_x4	22.081	27.519	8.4534
art-scans	illustrations-haeckel_0040_starfish	q75	realesrnet_x4	22.024	18.463	7.5544
art-scans	illustrations-haeckel_0040_starfish	q50	realesrnet_x4	21.413	4.640	8.4153
art-scans	illustrations-haeckel_0040_starfish	q35	realesrnet_x4	21.109	-1.070	8.8125
art-scans	illustrations-haeckel_0040_starfish	clean	faceupdat_x4	23.912	45.622	4.2357
art-scans	illustrations-haeckel_0040_starfish	q75	faceupdat_x4	22.053	2.971	5.8361
art-scans	illustrations-haeckel_0040_starfish	q50	faceupdat_x4	20.528	-27.935	7.9420
art-scans	illustrations-haeckel_0040_starfish	q35	faceupdat_x4	19.866	-41.349	9.4012
art-scans	illustrations-haeckel_0040_starfish	clean	nomoswebphoto_plksr_x4	25.231	57.631	3.8095
art-scans	illustrations-haeckel_0040_starfish	q75	nomoswebphoto_plksr_x4	21.311	16.987	7.0774
art-scans	illustrations-haeckel_0040_starfish	q50	nomoswebphoto_plksr_x4	20.441	-2.699	8.3804
art-scans	illustrations-haeckel_0040_starfish	q35	nomoswebphoto_plksr_x4	20.107	-12.908	8.8324
art-scans	illustrations-haeckel_0040_starfish	clean	a2c_compact_x2	27.080	62.120	3.0919
art-scans	illustrations-haeckel_0040_starfish	q75	a2c_compact_x2	23.231	27.742	5.1067
art-scans	illustrations-haeckel_0040_starfish	q50	a2c_compact_x2	21.980	7.618	6.4379
art-scans	illustrations-haeckel_0040_starfish	q35	a2c_compact_x2	21.335	-4.292	7.2117
art-scans	illustrations-haeckel_0058_moths	clean	lanczos	25.004	70.201	1.9496
art-scans	illustrations-haeckel_0058_moths	q75	lanczos	22.065	47.083	2.7251
art-scans	illustrations-haeckel_0058_moths	q50	lanczos	20.491	28.994	3.6224
art-scans	illustrations-haeckel_0058_moths	q35	lanczos	19.313	15.936	4.3716
art-scans	illustrations-haeckel_0058_moths	clean	realesrgan_x4	16.130	-42.196	11.8943
art-scans	illustrations-haeckel_0058_moths	q75	realesrgan_x4	16.016	-43.752	11.8122
art-scans	illustrations-haeckel_0058_moths	q50	realesrgan_x4	15.932	-46.600	11.8484
art-scans	illustrations-haeckel_0058_moths	q35	realesrgan_x4	15.801	-47.536	11.7677
art-scans	illustrations-haeckel_0058_moths	clean	realesrnet_x4	17.212	-34.848	9.3540
art-scans	illustrations-haeckel_0058_moths	q75	realesrnet_x4	16.980	-38.253	9.7853
art-scans	illustrations-haeckel_0058_moths	q50	realesrnet_x4	17.029	-36.676	9.2585
art-scans	illustrations-haeckel_0058_moths	q35	realesrnet_x4	16.915	-37.741	9.2614
art-scans	illustrations-haeckel_0058_moths	clean	faceupdat_x4	18.992	-14.218	5.8540
art-scans	illustrations-haeckel_0058_moths	q75	faceupdat_x4	17.001	-48.011	7.9426
art-scans	illustrations-haeckel_0058_moths	q50	faceupdat_x4	16.472	-53.733	8.6664
art-scans	illustrations-haeckel_0058_moths	q35	faceupdat_x4	16.407	-52.645	8.4463
art-scans	illustrations-haeckel_0058_moths	clean	nomoswebphoto_plksr_x4	18.568	29.311	5.2443
art-scans	illustrations-haeckel_0058_moths	q75	nomoswebphoto_plksr_x4	18.239	21.824	6.7970
art-scans	illustrations-haeckel_0058_moths	q50	nomoswebphoto_plksr_x4	17.870	11.389	6.1382
art-scans	illustrations-haeckel_0058_moths	q35	nomoswebphoto_plksr_x4	17.217	2.135	6.8283
art-scans	illustrations-haeckel_0058_moths	clean	a2c_compact_x2	20.895	49.997	3.1152
art-scans	illustrations-haeckel_0058_moths	q75	a2c_compact_x2	18.970	28.476	4.3544
art-scans	illustrations-haeckel_0058_moths	q50	a2c_compact_x2	18.068	14.978	4.9052
art-scans	illustrations-haeckel_0058_moths	q35	a2c_compact_x2	17.499	6.462	5.4253
textures	pawel-czerwinski-krA9zndPlrA-unsplash	clean	lanczos	39.991	81.110	0.9515
textures	pawel-czerwinski-krA9zndPlrA-unsplash	q75	lanczos	35.622	51.412	1.4877
textures	pawel-czerwinski-krA9zndPlrA-unsplash	q50	lanczos	34.352	33.916	1.8740
textures	pawel-czerwinski-krA9zndPlrA-unsplash	q35	lanczos	33.732	22.856	2.1531
textures	pawel-czerwinski-krA9zndPlrA-unsplash	clean	realesrgan_x4	35.843	50.438	1.7904
textures	pawel-czerwinski-krA9zndPlrA-unsplash	q75	realesrgan_x4	35.665	47.529	1.9327
textures	pawel-czerwinski-krA9zndPlrA-unsplash	q50	realesrgan_x4	35.367	43.808	2.0292
textures	pawel-czerwinski-krA9zndPlrA-unsplash	q35	realesrgan_x4	34.876	36.858	2.1498
textures	pawel-czerwinski-krA9zndPlrA-unsplash	clean	realesrnet_x4	37.368	65.135	1.5664
textures	pawel-czerwinski-krA9zndPlrA-unsplash	q75	realesrnet_x4	37.392	60.192	1.6152
textures	pawel-czerwinski-krA9zndPlrA-unsplash	q50	realesrnet_x4	37.067	54.469	1.7656
textures	pawel-czerwinski-krA9zndPlrA-unsplash	q35	realesrnet_x4	36.187	46.295	1.9012
textures	pawel-czerwinski-krA9zndPlrA-unsplash	clean	faceupdat_x4	38.393	67.734	1.0842
textures	pawel-czerwinski-krA9zndPlrA-unsplash	q75	faceupdat_x4	35.593	48.774	1.5895
textures	pawel-czerwinski-krA9zndPlrA-unsplash	q50	faceupdat_x4	34.363	31.683	1.8292
textures	pawel-czerwinski-krA9zndPlrA-unsplash	q35	faceupdat_x4	33.653	19.317	2.1192
textures	pawel-czerwinski-krA9zndPlrA-unsplash	clean	nomoswebphoto_plksr_x4	37.481	67.461	1.6177
textures	pawel-czerwinski-krA9zndPlrA-unsplash	q75	nomoswebphoto_plksr_x4	35.251	51.228	2.3627
textures	pawel-czerwinski-krA9zndPlrA-unsplash	q50	nomoswebphoto_plksr_x4	34.778	40.489	2.0630
textures	pawel-czerwinski-krA9zndPlrA-unsplash	q35	nomoswebphoto_plksr_x4	34.106	28.032	2.2879
textures	pawel-czerwinski-krA9zndPlrA-unsplash	clean	a2c_compact_x2	38.495	75.583	0.9871
textures	pawel-czerwinski-krA9zndPlrA-unsplash	q75	a2c_compact_x2	36.600	55.817	1.4596
textures	pawel-czerwinski-krA9zndPlrA-unsplash	q50	a2c_compact_x2	35.514	40.473	1.7415
textures	pawel-czerwinski-krA9zndPlrA-unsplash	q35	a2c_compact_x2	34.794	30.314	1.9879
photos	artistic-Screenshot_20260526_075159_Gallery	clean	lanczos	41.259	85.169	0.9062
photos	artistic-Screenshot_20260526_075159_Gallery	q75	lanczos	33.769	59.467	2.1850
photos	artistic-Screenshot_20260526_075159_Gallery	q50	lanczos	31.998	42.648	3.3964
photos	artistic-Screenshot_20260526_075159_Gallery	q35	lanczos	30.967	30.487	3.6684
photos	artistic-Screenshot_20260526_075159_Gallery	clean	realesrgan_x4	32.549	50.413	3.1666
photos	artistic-Screenshot_20260526_075159_Gallery	q75	realesrgan_x4	31.755	38.021	3.4741
photos	artistic-Screenshot_20260526_075159_Gallery	q50	realesrgan_x4	30.789	26.404	4.2877
photos	artistic-Screenshot_20260526_075159_Gallery	q35	realesrgan_x4	30.136	19.591	4.4456
photos	artistic-Screenshot_20260526_075159_Gallery	clean	realesrnet_x4	35.215	71.272	2.2697
photos	artistic-Screenshot_20260526_075159_Gallery	q75	realesrnet_x4	33.590	57.348	2.9301
photos	artistic-Screenshot_20260526_075159_Gallery	q50	realesrnet_x4	32.324	43.416	3.7043
photos	artistic-Screenshot_20260526_075159_Gallery	q35	realesrnet_x4	31.539	33.238	4.1642
photos	artistic-Screenshot_20260526_075159_Gallery	clean	faceupdat_x4	34.329	60.428	2.4290
photos	artistic-Screenshot_20260526_075159_Gallery	q75	faceupdat_x4	31.370	34.105	3.6422
photos	artistic-Screenshot_20260526_075159_Gallery	q50	faceupdat_x4	30.456	24.446	4.1671
photos	artistic-Screenshot_20260526_075159_Gallery	q35	faceupdat_x4	29.925	18.235	4.3545
photos	artistic-Screenshot_20260526_075159_Gallery	clean	nomoswebphoto_plksr_x4	33.414	65.142	2.6488
photos	artistic-Screenshot_20260526_075159_Gallery	q75	nomoswebphoto_plksr_x4	30.867	43.872	3.5933
photos	artistic-Screenshot_20260526_075159_Gallery	q50	nomoswebphoto_plksr_x4	30.025	32.952	4.1295
photos	artistic-Screenshot_20260526_075159_Gallery	q35	nomoswebphoto_plksr_x4	29.519	24.490	4.4039
photos	artistic-Screenshot_20260526_075159_Gallery	clean	a2c_compact_x2	36.712	77.192	1.6246
photos	artistic-Screenshot_20260526_075159_Gallery	q75	a2c_compact_x2	32.352	50.027	2.8034
photos	artistic-Screenshot_20260526_075159_Gallery	q50	a2c_compact_x2	31.121	37.839	3.4175
photos	artistic-Screenshot_20260526_075159_Gallery	q35	a2c_compact_x2	30.314	28.040	3.7345
people	dwayne-joe-1qJf4Jk8BH0-unsplash	clean	lanczos	30.348	61.826	1.9513
people	dwayne-joe-1qJf4Jk8BH0-unsplash	q75	lanczos	28.220	36.761	2.6562
people	dwayne-joe-1qJf4Jk8BH0-unsplash	q50	lanczos	27.107	16.990	3.3831
people	dwayne-joe-1qJf4Jk8BH0-unsplash	q35	lanczos	26.580	3.785	3.8162
people	dwayne-joe-1qJf4Jk8BH0-unsplash	clean	realesrgan_x4	27.817	23.583	4.3420
people	dwayne-joe-1qJf4Jk8BH0-unsplash	q75	realesrgan_x4	26.891	-1.338	4.7873
people	dwayne-joe-1qJf4Jk8BH0-unsplash	q50	realesrgan_x4	26.098	-16.990	5.5523
people	dwayne-joe-1qJf4Jk8BH0-unsplash	q35	realesrgan_x4	25.645	-24.374	5.8521
people	dwayne-joe-1qJf4Jk8BH0-unsplash	clean	realesrnet_x4	29.998	55.681	2.3846
people	dwayne-joe-1qJf4Jk8BH0-unsplash	q75	realesrnet_x4	28.353	30.895	2.8706
people	dwayne-joe-1qJf4Jk8BH0-unsplash	q50	realesrnet_x4	27.286	11.953	3.9806
people	dwayne-joe-1qJf4Jk8BH0-unsplash	q35	realesrnet_x4	26.759	-1.159	4.7825
people	dwayne-joe-1qJf4Jk8BH0-unsplash	clean	faceupdat_x4	27.207	-2.349	3.7139
people	dwayne-joe-1qJf4Jk8BH0-unsplash	q75	faceupdat_x4	25.968	-28.366	4.8165
people	dwayne-joe-1qJf4Jk8BH0-unsplash	q50	faceupdat_x4	25.516	-34.871	5.2217
people	dwayne-joe-1qJf4Jk8BH0-unsplash	q35	faceupdat_x4	25.364	-34.614	5.1677
people	dwayne-joe-1qJf4Jk8BH0-unsplash	clean	nomoswebphoto_plksr_x4	26.867	38.514	3.4795
people	dwayne-joe-1qJf4Jk8BH0-unsplash	q75	nomoswebphoto_plksr_x4	25.649	15.801	4.0133
people	dwayne-joe-1qJf4Jk8BH0-unsplash	q50	nomoswebphoto_plksr_x4	25.224	2.831	4.7186
people	dwayne-joe-1qJf4Jk8BH0-unsplash	q35	nomoswebphoto_plksr_x4	24.940	-5.826	5.1818
people	dwayne-joe-1qJf4Jk8BH0-unsplash	clean	a2c_compact_x2	28.934	52.011	2.8176
people	dwayne-joe-1qJf4Jk8BH0-unsplash	q75	a2c_compact_x2	27.182	22.128	3.4050
people	dwayne-joe-1qJf4Jk8BH0-unsplash	q50	a2c_compact_x2	26.350	5.513	3.9541
people	dwayne-joe-1qJf4Jk8BH0-unsplash	q35	a2c_compact_x2	25.956	-4.380	4.2510
textures	haberdoedas-5BsnVq1qTis-unsplash	clean	lanczos	32.526	65.812	1.5569
textures	haberdoedas-5BsnVq1qTis-unsplash	q75	lanczos	31.167	32.578	2.3040
textures	haberdoedas-5BsnVq1qTis-unsplash	q50	lanczos	30.770	12.805	2.5784
textures	haberdoedas-5BsnVq1qTis-unsplash	q35	lanczos	30.540	0.255	2.7346
textures	haberdoedas-5BsnVq1qTis-unsplash	clean	realesrgan_x4	30.858	1.878	2.6784
textures	haberdoedas-5BsnVq1qTis-unsplash	q75	realesrgan_x4	30.784	-1.032	2.7213
textures	haberdoedas-5BsnVq1qTis-unsplash	q50	realesrgan_x4	30.722	-3.493	2.7627
textures	haberdoedas-5BsnVq1qTis-unsplash	q35	realesrgan_x4	30.676	-5.525	2.7957
textures	haberdoedas-5BsnVq1qTis-unsplash	clean	realesrnet_x4	30.770	4.245	2.6846
textures	haberdoedas-5BsnVq1qTis-unsplash	q75	realesrnet_x4	30.677	0.633	2.7314
textures	haberdoedas-5BsnVq1qTis-unsplash	q50	realesrnet_x4	30.604	-1.153	2.7639
textures	haberdoedas-5BsnVq1qTis-unsplash	q35	realesrnet_x4	30.586	-4.447	2.8011
textures	haberdoedas-5BsnVq1qTis-unsplash	clean	faceupdat_x4	31.327	42.710	1.9270
textures	haberdoedas-5BsnVq1qTis-unsplash	q75	faceupdat_x4	30.669	20.466	2.4273
textures	haberdoedas-5BsnVq1qTis-unsplash	q50	faceupdat_x4	30.638	12.176	2.5651
textures	haberdoedas-5BsnVq1qTis-unsplash	q35	faceupdat_x4	30.394	-0.745	2.7465
textures	haberdoedas-5BsnVq1qTis-unsplash	clean	nomoswebphoto_plksr_x4	30.618	34.428	2.7480
textures	haberdoedas-5BsnVq1qTis-unsplash	q75	nomoswebphoto_plksr_x4	30.651	16.314	2.8597
textures	haberdoedas-5BsnVq1qTis-unsplash	q50	nomoswebphoto_plksr_x4	30.376	7.916	2.9815
textures	haberdoedas-5BsnVq1qTis-unsplash	q35	nomoswebphoto_plksr_x4	30.315	-2.099	3.0040
textures	haberdoedas-5BsnVq1qTis-unsplash	clean	a2c_compact_x2	31.111	53.435	2.1632
textures	haberdoedas-5BsnVq1qTis-unsplash	q75	a2c_compact_x2	30.350	25.197	2.7087
textures	haberdoedas-5BsnVq1qTis-unsplash	q50	a2c_compact_x2	30.233	11.457	2.9003
textures	haberdoedas-5BsnVq1qTis-unsplash	q35	a2c_compact_x2	30.286	2.636	2.9806
people	anastasia-pivnenko-PRNG6R1nSpQ-unsplash	clean	lanczos	27.063	59.034	1.9555
people	anastasia-pivnenko-PRNG6R1nSpQ-unsplash	q75	lanczos	26.187	34.246	2.7050
people	anastasia-pivnenko-PRNG6R1nSpQ-unsplash	q50	lanczos	25.826	18.382	3.1236
people	anastasia-pivnenko-PRNG6R1nSpQ-unsplash	q35	lanczos	25.584	6.579	3.4468
people	anastasia-pivnenko-PRNG6R1nSpQ-unsplash	clean	realesrgan_x4	26.096	11.493	3.2067
people	anastasia-pivnenko-PRNG6R1nSpQ-unsplash	q75	realesrgan_x4	25.789	5.461	3.5189
people	anastasia-pivnenko-PRNG6R1nSpQ-unsplash	q50	realesrgan_x4	25.592	-0.312	3.7434
people	anastasia-pivnenko-PRNG6R1nSpQ-unsplash	q35	realesrgan_x4	25.451	-5.866	4.0161
people	anastasia-pivnenko-PRNG6R1nSpQ-unsplash	clean	realesrnet_x4	26.474	26.148	2.7717
people	anastasia-pivnenko-PRNG6R1nSpQ-unsplash	q75	realesrnet_x4	26.184	19.784	2.9770
people	anastasia-pivnenko-PRNG6R1nSpQ-unsplash	q50	realesrnet_x4	25.954	11.678	3.3312
people	anastasia-pivnenko-PRNG6R1nSpQ-unsplash	q35	realesrnet_x4	25.817	5.607	3.4449
people	anastasia-pivnenko-PRNG6R1nSpQ-unsplash	clean	faceupdat_x4	26.259	22.932	2.8766
people	anastasia-pivnenko-PRNG6R1nSpQ-unsplash	q75	faceupdat_x4	25.635	6.675	3.5964
people	anastasia-pivnenko-PRNG6R1nSpQ-unsplash	q50	faceupdat_x4	25.580	6.286	3.5081
people	anastasia-pivnenko-PRNG6R1nSpQ-unsplash	q35	faceupdat_x4	25.455	2.400	3.5161
people	anastasia-pivnenko-PRNG6R1nSpQ-unsplash	clean	nomoswebphoto_plksr_x4	26.457	36.362	2.4191
people	anastasia-pivnenko-PRNG6R1nSpQ-unsplash	q75	nomoswebphoto_plksr_x4	25.779	19.105	2.9322
people	anastasia-pivnenko-PRNG6R1nSpQ-unsplash	q50	nomoswebphoto_plksr_x4	25.556	10.507	3.2482
people	anastasia-pivnenko-PRNG6R1nSpQ-unsplash	q35	nomoswebphoto_plksr_x4	25.384	3.062	3.5192
people	anastasia-pivnenko-PRNG6R1nSpQ-unsplash	clean	a2c_compact_x2	26.472	48.835	2.5623
people	anastasia-pivnenko-PRNG6R1nSpQ-unsplash	q75	a2c_compact_x2	25.885	27.088	3.0472
people	anastasia-pivnenko-PRNG6R1nSpQ-unsplash	q50	a2c_compact_x2	25.592	14.670	3.3588
people	anastasia-pivnenko-PRNG6R1nSpQ-unsplash	q35	a2c_compact_x2	25.428	5.862	3.5805
textures	bernd-dittrich-3MdsHe3IIOk-unsplash	clean	lanczos	24.135	58.754	2.6774
textures	bernd-dittrich-3MdsHe3IIOk-unsplash	q75	lanczos	22.572	35.268	3.1963
textures	bernd-dittrich-3MdsHe3IIOk-unsplash	q50	lanczos	21.595	19.458	3.8829
textures	bernd-dittrich-3MdsHe3IIOk-unsplash	q35	lanczos	21.031	9.016	4.4640
textures	bernd-dittrich-3MdsHe3IIOk-unsplash	clean	realesrgan_x4	18.669	-1.590	12.7903
textures	bernd-dittrich-3MdsHe3IIOk-unsplash	q75	realesrgan_x4	17.971	-19.002	14.0358
textures	bernd-dittrich-3MdsHe3IIOk-unsplash	q50	realesrgan_x4	17.310	-33.467	15.5945
textures	bernd-dittrich-3MdsHe3IIOk-unsplash	q35	realesrgan_x4	17.058	-40.406	16.1174
textures	bernd-dittrich-3MdsHe3IIOk-unsplash	clean	realesrnet_x4	22.115	44.312	3.4827
textures	bernd-dittrich-3MdsHe3IIOk-unsplash	q75	realesrnet_x4	21.422	31.143	4.3720
textures	bernd-dittrich-3MdsHe3IIOk-unsplash	q50	realesrnet_x4	20.519	15.280	5.3928
textures	bernd-dittrich-3MdsHe3IIOk-unsplash	q35	realesrnet_x4	20.060	4.556	6.0804
textures	bernd-dittrich-3MdsHe3IIOk-unsplash	clean	faceupdat_x4	22.890	30.352	3.9913
textures	bernd-dittrich-3MdsHe3IIOk-unsplash	q75	faceupdat_x4	21.118	-8.858	5.8475
textures	bernd-dittrich-3MdsHe3IIOk-unsplash	q50	faceupdat_x4	20.142	-24.758	6.5177
textures	bernd-dittrich-3MdsHe3IIOk-unsplash	q35	faceupdat_x4	19.904	-27.947	6.4937
textures	bernd-dittrich-3MdsHe3IIOk-unsplash	clean	nomoswebphoto_plksr_x4	22.850	50.817	3.9908
textures	bernd-dittrich-3MdsHe3IIOk-unsplash	q75	nomoswebphoto_plksr_x4	20.772	18.691	5.3859
textures	bernd-dittrich-3MdsHe3IIOk-unsplash	q50	nomoswebphoto_plksr_x4	20.093	6.859	5.9463
textures	bernd-dittrich-3MdsHe3IIOk-unsplash	q35	nomoswebphoto_plksr_x4	19.749	-1.015	6.3463
textures	bernd-dittrich-3MdsHe3IIOk-unsplash	clean	a2c_compact_x2	22.487	53.466	4.0211
textures	bernd-dittrich-3MdsHe3IIOk-unsplash	q75	a2c_compact_x2	21.166	28.286	4.7391
textures	bernd-dittrich-3MdsHe3IIOk-unsplash	q50	a2c_compact_x2	20.316	12.431	5.4505
textures	bernd-dittrich-3MdsHe3IIOk-unsplash	q35	a2c_compact_x2	19.927	2.117	5.8898
art-scans	illustrations-haeckel_0034_radiolaria-green	clean	lanczos	34.283	82.317	1.2002
art-scans	illustrations-haeckel_0034_radiolaria-green	q75	lanczos	24.709	47.479	3.2457
art-scans	illustrations-haeckel_0034_radiolaria-green	q50	lanczos	22.686	29.012	4.5230
art-scans	illustrations-haeckel_0034_radiolaria-green	q35	lanczos	21.817	18.374	5.0968
art-scans	illustrations-haeckel_0034_radiolaria-green	clean	realesrgan_x4	21.910	26.312	6.3125
art-scans	illustrations-haeckel_0034_radiolaria-green	q75	realesrgan_x4	21.307	18.771	6.9927
art-scans	illustrations-haeckel_0034_radiolaria-green	q50	realesrgan_x4	21.093	11.705	7.4513
art-scans	illustrations-haeckel_0034_radiolaria-green	q35	realesrgan_x4	21.102	6.899	7.6441
art-scans	illustrations-haeckel_0034_radiolaria-green	clean	realesrnet_x4	22.105	29.892	6.0477
art-scans	illustrations-haeckel_0034_radiolaria-green	q75	realesrnet_x4	21.685	23.739	6.3052
art-scans	illustrations-haeckel_0034_radiolaria-green	q50	realesrnet_x4	21.639	21.499	6.6879
art-scans	illustrations-haeckel_0034_radiolaria-green	q35	realesrnet_x4	21.486	18.399	6.9040
art-scans	illustrations-haeckel_0034_radiolaria-green	clean	faceupdat_x4	24.041	38.407	4.0475
art-scans	illustrations-haeckel_0034_radiolaria-green	q75	faceupdat_x4	23.435	18.102	4.6787
art-scans	illustrations-haeckel_0034_radiolaria-green	q50	faceupdat_x4	21.845	-2.128	5.7710
art-scans	illustrations-haeckel_0034_radiolaria-green	q35	faceupdat_x4	20.914	-16.210	6.6086
art-scans	illustrations-haeckel_0034_radiolaria-green	clean	nomoswebphoto_plksr_x4	21.320	39.736	5.8214
art-scans	illustrations-haeckel_0034_radiolaria-green	q75	nomoswebphoto_plksr_x4	19.852	27.296	7.2005
art-scans	illustrations-haeckel_0034_radiolaria-green	q50	nomoswebphoto_plksr_x4	19.716	17.200	7.2980
art-scans	illustrations-haeckel_0034_radiolaria-green	q35	nomoswebphoto_plksr_x4	20.057	14.064	6.9986
art-scans	illustrations-haeckel_0034_radiolaria-green	clean	a2c_compact_x2	28.425	72.404	2.2007
art-scans	illustrations-haeckel_0034_radiolaria-green	q75	a2c_compact_x2	24.624	51.192	3.4336
art-scans	illustrations-haeckel_0034_radiolaria-green	q50	a2c_compact_x2	23.353	38.475	4.3430
art-scans	illustrations-haeckel_0034_radiolaria-green	q35	a2c_compact_x2	22.845	31.892	4.6702
textures	nastia-petruk-FkM3BDS8F3E-unsplash	clean	lanczos	31.801	66.904	1.7232
textures	nastia-petruk-FkM3BDS8F3E-unsplash	q75	lanczos	29.762	35.800	2.5876
textures	nastia-petruk-FkM3BDS8F3E-unsplash	q50	lanczos	29.236	18.844	2.9425
textures	nastia-petruk-FkM3BDS8F3E-unsplash	q35	lanczos	28.952	9.314	3.1349
textures	nastia-petruk-FkM3BDS8F3E-unsplash	clean	realesrgan_x4	29.303	12.324	4.5070
textures	nastia-petruk-FkM3BDS8F3E-unsplash	q75	realesrgan_x4	28.890	5.480	6.5294
textures	nastia-petruk-FkM3BDS8F3E-unsplash	q50	realesrgan_x4	28.511	0.808	7.8916
textures	nastia-petruk-FkM3BDS8F3E-unsplash	q35	realesrgan_x4	28.253	-3.828	8.6620
textures	nastia-petruk-FkM3BDS8F3E-unsplash	clean	realesrnet_x4	29.797	18.149	2.9602
textures	nastia-petruk-FkM3BDS8F3E-unsplash	q75	realesrnet_x4	28.903	8.945	9.0012
textures	nastia-petruk-FkM3BDS8F3E-unsplash	q50	realesrnet_x4	28.106	0.382	10.7999
textures	nastia-petruk-FkM3BDS8F3E-unsplash	q35	realesrnet_x4	28.032	-3.994	9.6246
textures	nastia-petruk-FkM3BDS8F3E-unsplash	clean	faceupdat_x4	29.538	33.116	2.7342
textures	nastia-petruk-FkM3BDS8F3E-unsplash	q75	faceupdat_x4	28.767	20.420	3.0378
textures	nastia-petruk-FkM3BDS8F3E-unsplash	q50	faceupdat_x4	28.900	14.083	3.1351
textures	nastia-petruk-FkM3BDS8F3E-unsplash	q35	faceupdat_x4	28.762	7.707	3.2420
textures	nastia-petruk-FkM3BDS8F3E-unsplash	clean	nomoswebphoto_plksr_x4	29.627	35.467	2.7107
textures	nastia-petruk-FkM3BDS8F3E-unsplash	q75	nomoswebphoto_plksr_x4	28.958	21.868	3.2712
textures	nastia-petruk-FkM3BDS8F3E-unsplash	q50	nomoswebphoto_plksr_x4	28.918	13.533	3.8811
textures	nastia-petruk-FkM3BDS8F3E-unsplash	q35	nomoswebphoto_plksr_x4	28.628	8.481	4.0918
textures	nastia-petruk-FkM3BDS8F3E-unsplash	clean	a2c_compact_x2	29.510	47.298	2.4677
textures	nastia-petruk-FkM3BDS8F3E-unsplash	q75	a2c_compact_x2	28.962	26.802	2.9418
textures	nastia-petruk-FkM3BDS8F3E-unsplash	q50	a2c_compact_x2	29.052	16.699	3.1548
textures	nastia-petruk-FkM3BDS8F3E-unsplash	q35	a2c_compact_x2	28.942	10.772	3.2822
photos	artistic-20240528_210945	clean	lanczos	25.543	57.277	2.8007
photos	artistic-20240528_210945	q75	lanczos	23.943	40.972	3.3519
photos	artistic-20240528_210945	q50	lanczos	22.797	25.666	3.9418
photos	artistic-20240528_210945	q35	lanczos	22.120	14.548	4.4789
photos	artistic-20240528_210945	clean	realesrgan_x4	22.593	9.284	6.5072
photos	artistic-20240528_210945	q75	realesrgan_x4	22.105	1.895	6.1655
photos	artistic-20240528_210945	q50	realesrgan_x4	21.405	-10.994	6.6164
photos	artistic-20240528_210945	q35	realesrgan_x4	20.902	-20.399	6.8989
photos	artistic-20240528_210945	clean	realesrnet_x4	24.484	41.370	4.2525
photos	artistic-20240528_210945	q75	realesrnet_x4	23.898	35.907	3.9544
photos	artistic-20240528_210945	q50	realesrnet_x4	22.727	19.853	4.7711
photos	artistic-20240528_210945	q35	realesrnet_x4	22.084	8.413	5.1956
photos	artistic-20240528_210945	clean	faceupdat_x4	24.332	18.637	3.6272
photos	artistic-20240528_210945	q75	faceupdat_x4	22.605	-2.494	4.6100
photos	artistic-20240528_210945	q50	faceupdat_x4	21.719	-12.721	5.1533
photos	artistic-20240528_210945	q35	faceupdat_x4	21.248	-19.227	5.6289
photos	artistic-20240528_210945	clean	nomoswebphoto_plksr_x4	25.565	48.861	2.9590
photos	artistic-20240528_210945	q75	nomoswebphoto_plksr_x4	23.521	31.158	3.7971
photos	artistic-20240528_210945	q50	nomoswebphoto_plksr_x4	22.447	18.544	4.4228
photos	artistic-20240528_210945	q35	nomoswebphoto_plksr_x4	21.782	8.978	4.8303
photos	artistic-20240528_210945	clean	a2c_compact_x2	25.683	57.116	2.6362
photos	artistic-20240528_210945	q75	a2c_compact_x2	23.597	34.900	3.5667
photos	artistic-20240528_210945	q50	a2c_compact_x2	22.350	20.063	4.3235
photos	artistic-20240528_210945	q35	a2c_compact_x2	21.741	10.245	4.8434
textures	han-hyunjun-Zd1u_C1BF8A-unsplash	clean	lanczos	45.892	89.922	0.7039
textures	han-hyunjun-Zd1u_C1BF8A-unsplash	q75	lanczos	40.862	72.011	1.2940
textures	han-hyunjun-Zd1u_C1BF8A-unsplash	q50	lanczos	38.885	59.958	1.8335
textures	han-hyunjun-Zd1u_C1BF8A-unsplash	q35	lanczos	37.555	49.783	2.2515
textures	han-hyunjun-Zd1u_C1BF8A-unsplash	clean	realesrgan_x4	31.763	48.003	5.5323
textures	han-hyunjun-Zd1u_C1BF8A-unsplash	q75	realesrgan_x4	30.337	40.027	6.5428
textures	han-hyunjun-Zd1u_C1BF8A-unsplash	q50	realesrgan_x4	29.854	38.150	7.0250
textures	han-hyunjun-Zd1u_C1BF8A-unsplash	q35	realesrgan_x4	28.613	28.981	7.9526
textures	han-hyunjun-Zd1u_C1BF8A-unsplash	clean	realesrnet_x4	35.809	62.813	4.0731
textures	han-hyunjun-Zd1u_C1BF8A-unsplash	q75	realesrnet_x4	32.700	50.311	5.2897
textures	han-hyunjun-Zd1u_C1BF8A-unsplash	q50	realesrnet_x4	31.302	46.213	6.4496
textures	han-hyunjun-Zd1u_C1BF8A-unsplash	q35	realesrnet_x4	29.792	35.391	7.2898
textures	han-hyunjun-Zd1u_C1BF8A-unsplash	clean	faceupdat_x4	36.354	65.997	2.5669
textures	han-hyunjun-Zd1u_C1BF8A-unsplash	q75	faceupdat_x4	35.686	59.314	2.6983
textures	han-hyunjun-Zd1u_C1BF8A-unsplash	q50	faceupdat_x4	35.511	53.178	2.6300
textures	han-hyunjun-Zd1u_C1BF8A-unsplash	q35	faceupdat_x4	34.866	45.897	2.8195
textures	han-hyunjun-Zd1u_C1BF8A-unsplash	clean	nomoswebphoto_plksr_x4	30.457	51.519	6.0591
textures	han-hyunjun-Zd1u_C1BF8A-unsplash	q75	nomoswebphoto_plksr_x4	29.698	46.185	6.4015
textures	han-hyunjun-Zd1u_C1BF8A-unsplash	q50	nomoswebphoto_plksr_x4	29.460	43.416	6.7498
textures	han-hyunjun-Zd1u_C1BF8A-unsplash	q35	nomoswebphoto_plksr_x4	29.447	39.742	6.3655
textures	han-hyunjun-Zd1u_C1BF8A-unsplash	clean	a2c_compact_x2	39.631	79.655	1.4203
textures	han-hyunjun-Zd1u_C1BF8A-unsplash	q75	a2c_compact_x2	38.008	70.133	1.8175
textures	han-hyunjun-Zd1u_C1BF8A-unsplash	q50	a2c_compact_x2	36.923	62.659	2.0769
textures	han-hyunjun-Zd1u_C1BF8A-unsplash	q35	a2c_compact_x2	36.256	57.504	2.3484
people	dwayne-joe-6-Rwiq8VbKs-unsplash	clean	lanczos	33.249	71.253	1.7744
people	dwayne-joe-6-Rwiq8VbKs-unsplash	q75	lanczos	30.608	47.970	2.4177
people	dwayne-joe-6-Rwiq8VbKs-unsplash	q50	lanczos	29.525	31.836	3.0102
people	dwayne-joe-6-Rwiq8VbKs-unsplash	q35	lanczos	28.932	21.769	3.4049
people	dwayne-joe-6-Rwiq8VbKs-unsplash	clean	realesrgan_x4	30.730	42.987	2.9014
people	dwayne-joe-6-Rwiq8VbKs-unsplash	q75	realesrgan_x4	29.637	30.148	3.9124
people	dwayne-joe-6-Rwiq8VbKs-unsplash	q50	realesrgan_x4	28.828	22.071	4.6424
people	dwayne-joe-6-Rwiq8VbKs-unsplash	q35	realesrgan_x4	28.368	13.859	5.1324
people	dwayne-joe-6-Rwiq8VbKs-unsplash	clean	realesrnet_x4	31.833	53.027	2.3232
people	dwayne-joe-6-Rwiq8VbKs-unsplash	q75	realesrnet_x4	30.533	41.126	3.1711
people	dwayne-joe-6-Rwiq8VbKs-unsplash	q50	realesrnet_x4	29.685	30.713	3.7466
people	dwayne-joe-6-Rwiq8VbKs-unsplash	q35	realesrnet_x4	29.148	21.034	4.1883
people	dwayne-joe-6-Rwiq8VbKs-unsplash	clean	faceupdat_x4	30.200	42.802	3.1276
people	dwayne-joe-6-Rwiq8VbKs-unsplash	q75	faceupdat_x4	28.489	22.997	4.1742
people	dwayne-joe-6-Rwiq8VbKs-unsplash	q50	faceupdat_x4	28.091	14.495	4.4089
people	dwayne-joe-6-Rwiq8VbKs-unsplash	q35	faceupdat_x4	27.936	11.158	4.3350
people	dwayne-joe-6-Rwiq8VbKs-unsplash	clean	nomoswebphoto_plksr_x4	30.391	55.427	2.5710
people	dwayne-joe-6-Rwiq8VbKs-unsplash	q75	nomoswebphoto_plksr_x4	28.914	37.142	3.3625
people	dwayne-joe-6-Rwiq8VbKs-unsplash	q50	nomoswebphoto_plksr_x4	28.471	27.427	3.7533
people	dwayne-joe-6-Rwiq8VbKs-unsplash	q35	nomoswebphoto_plksr_x4	28.099	18.968	4.2087
people	dwayne-joe-6-Rwiq8VbKs-unsplash	clean	a2c_compact_x2	32.087	63.246	2.3077
people	dwayne-joe-6-Rwiq8VbKs-unsplash	q75	a2c_compact_x2	30.123	43.770	2.9185
people	dwayne-joe-6-Rwiq8VbKs-unsplash	q50	a2c_compact_x2	29.365	31.401	3.3473
people	dwayne-joe-6-Rwiq8VbKs-unsplash	q35	a2c_compact_x2	28.923	22.637	3.6281
textures	anca-gabriela-zosin-bMOnYbmQxHA-unsplash	clean	lanczos	42.477	84.792	0.8675
textures	anca-gabriela-zosin-bMOnYbmQxHA-unsplash	q75	lanczos	35.852	60.111	2.6261
textures	anca-gabriela-zosin-bMOnYbmQxHA-unsplash	q50	lanczos	34.070	47.174	3.8892
textures	anca-gabriela-zosin-bMOnYbmQxHA-unsplash	q35	lanczos	33.149	36.396	5.5665
textures	anca-gabriela-zosin-bMOnYbmQxHA-unsplash	clean	realesrgan_x4	31.264	28.148	7.9352
textures	anca-gabriela-zosin-bMOnYbmQxHA-unsplash	q75	realesrgan_x4	29.802	6.510	10.9000
textures	anca-gabriela-zosin-bMOnYbmQxHA-unsplash	q50	realesrgan_x4	29.772	9.953	10.0980
textures	anca-gabriela-zosin-bMOnYbmQxHA-unsplash	q35	realesrgan_x4	29.150	-1.817	11.6768
textures	anca-gabriela-zosin-bMOnYbmQxHA-unsplash	clean	realesrnet_x4	31.328	42.752	6.2442
textures	anca-gabriela-zosin-bMOnYbmQxHA-unsplash	q75	realesrnet_x4	30.156	20.430	9.4792
textures	anca-gabriela-zosin-bMOnYbmQxHA-unsplash	q50	realesrnet_x4	29.848	12.606	10.7407
textures	anca-gabriela-zosin-bMOnYbmQxHA-unsplash	q35	realesrnet_x4	29.029	-2.787	12.2925
textures	anca-gabriela-zosin-bMOnYbmQxHA-unsplash	clean	faceupdat_x4	33.918	70.255	4.1020
textures	anca-gabriela-zosin-bMOnYbmQxHA-unsplash	q75	faceupdat_x4	32.023	53.205	5.0647
textures	anca-gabriela-zosin-bMOnYbmQxHA-unsplash	q50	faceupdat_x4	31.551	43.862	5.5246
textures	anca-gabriela-zosin-bMOnYbmQxHA-unsplash	q35	faceupdat_x4	31.444	37.599	6.3394
textures	anca-gabriela-zosin-bMOnYbmQxHA-unsplash	clean	nomoswebphoto_plksr_x4	29.706	50.714	5.6314
textures	anca-gabriela-zosin-bMOnYbmQxHA-unsplash	q75	nomoswebphoto_plksr_x4	29.265	42.206	6.2604
textures	anca-gabriela-zosin-bMOnYbmQxHA-unsplash	q50	nomoswebphoto_plksr_x4	28.100	31.475	7.5196
textures	anca-gabriela-zosin-bMOnYbmQxHA-unsplash	q35	nomoswebphoto_plksr_x4	28.432	23.721	8.2632
textures	anca-gabriela-zosin-bMOnYbmQxHA-unsplash	clean	a2c_compact_x2	37.141	76.127	1.7161
textures	anca-gabriela-zosin-bMOnYbmQxHA-unsplash	q75	a2c_compact_x2	35.491	57.119	2.3356
textures	anca-gabriela-zosin-bMOnYbmQxHA-unsplash	q50	a2c_compact_x2	34.901	50.334	2.7085
textures	anca-gabriela-zosin-bMOnYbmQxHA-unsplash	q35	a2c_compact_x2	34.368	45.176	3.3291
textures	logan-voss-BsFDgF4XTac-unsplash	clean	lanczos	19.390	37.006	4.4521
textures	logan-voss-BsFDgF4XTac-unsplash	q75	lanczos	17.813	5.378	5.1168
textures	logan-voss-BsFDgF4XTac-unsplash	q50	lanczos	17.044	-11.242	5.5993
textures	logan-voss-BsFDgF4XTac-unsplash	q35	lanczos	16.661	-20.361	6.0108
textures	logan-voss-BsFDgF4XTac-unsplash	clean	realesrgan_x4	17.274	0.007	9.1681
textures	logan-voss-BsFDgF4XTac-unsplash	q75	realesrgan_x4	17.461	1.723	9.3098
textures	logan-voss-BsFDgF4XTac-unsplash	q50	realesrgan_x4	16.977	-8.940	10.2636
textures	logan-voss-BsFDgF4XTac-unsplash	q35	realesrgan_x4	16.626	-18.715	10.8522
textures	logan-voss-BsFDgF4XTac-unsplash	clean	realesrnet_x4	17.673	11.291	5.8799
textures	logan-voss-BsFDgF4XTac-unsplash	q75	realesrnet_x4	18.048	11.252	6.0384
textures	logan-voss-BsFDgF4XTac-unsplash	q50	realesrnet_x4	17.622	3.940	6.4519
textures	logan-voss-BsFDgF4XTac-unsplash	q35	realesrnet_x4	17.256	-3.056	6.8966
textures	logan-voss-BsFDgF4XTac-unsplash	clean	faceupdat_x4	18.777	-2.799	6.7102
textures	logan-voss-BsFDgF4XTac-unsplash	q75	faceupdat_x4	17.815	-27.991	7.2173
textures	logan-voss-BsFDgF4XTac-unsplash	q50	faceupdat_x4	17.046	-40.372	7.5696
textures	logan-voss-BsFDgF4XTac-unsplash	q35	faceupdat_x4	16.630	-45.985	7.8214
textures	logan-voss-BsFDgF4XTac-unsplash	clean	nomoswebphoto_plksr_x4	19.523	30.477	5.9755
textures	logan-voss-BsFDgF4XTac-unsplash	q75	nomoswebphoto_plksr_x4	18.038	8.973	6.8671
textures	logan-voss-BsFDgF4XTac-unsplash	q50	nomoswebphoto_plksr_x4	17.009	-6.005	7.9362
textures	logan-voss-BsFDgF4XTac-unsplash	q35	nomoswebphoto_plksr_x4	16.526	-14.077	8.4020
textures	logan-voss-BsFDgF4XTac-unsplash	clean	a2c_compact_x2	19.479	37.147	4.8497
textures	logan-voss-BsFDgF4XTac-unsplash	q75	a2c_compact_x2	18.495	14.869	5.8763
textures	logan-voss-BsFDgF4XTac-unsplash	q50	a2c_compact_x2	17.712	0.487	6.5887
textures	logan-voss-BsFDgF4XTac-unsplash	q35	a2c_compact_x2	17.270	-7.722	6.9791
people	bjorn-pierre-ureo1XIikao-unsplash	clean	lanczos	42.865	85.401	1.0255
people	bjorn-pierre-ureo1XIikao-unsplash	q75	lanczos	34.702	55.362	1.7412
people	bjorn-pierre-ureo1XIikao-unsplash	q50	lanczos	33.818	42.402	2.2660
people	bjorn-pierre-ureo1XIikao-unsplash	q35	lanczos	33.353	37.355	2.5734
people	bjorn-pierre-ureo1XIikao-unsplash	clean	realesrgan_x4	32.898	32.048	4.4925
people	bjorn-pierre-ureo1XIikao-unsplash	q75	realesrgan_x4	32.296	29.574	5.5947
people	bjorn-pierre-ureo1XIikao-unsplash	q50	realesrgan_x4	31.660	26.146	6.8978
people	bjorn-pierre-ureo1XIikao-unsplash	q35	realesrgan_x4	31.530	24.639	6.1595
people	bjorn-pierre-ureo1XIikao-unsplash	clean	realesrnet_x4	34.016	38.707	4.0198
people	bjorn-pierre-ureo1XIikao-unsplash	q75	realesrnet_x4	33.231	35.497	5.1268
people	bjorn-pierre-ureo1XIikao-unsplash	q50	realesrnet_x4	32.872	32.327	6.0627
people	bjorn-pierre-ureo1XIikao-unsplash	q35	realesrnet_x4	31.968	27.226	4.9029
people	bjorn-pierre-ureo1XIikao-unsplash	clean	faceupdat_x4	35.486	64.558	2.1686
people	bjorn-pierre-ureo1XIikao-unsplash	q75	faceupdat_x4	33.355	47.686	3.0654
people	bjorn-pierre-ureo1XIikao-unsplash	q50	faceupdat_x4	33.035	40.385	2.9938
people	bjorn-pierre-ureo1XIikao-unsplash	q35	faceupdat_x4	32.611	35.314	3.0213
people	bjorn-pierre-ureo1XIikao-unsplash	clean	nomoswebphoto_plksr_x4	34.748	58.318	2.7830
people	bjorn-pierre-ureo1XIikao-unsplash	q75	nomoswebphoto_plksr_x4	33.569	46.308	3.1115
people	bjorn-pierre-ureo1XIikao-unsplash	q50	nomoswebphoto_plksr_x4	32.891	39.101	3.4642
people	bjorn-pierre-ureo1XIikao-unsplash	q35	nomoswebphoto_plksr_x4	32.630	36.795	4.0623
people	bjorn-pierre-ureo1XIikao-unsplash	clean	a2c_compact_x2	37.552	72.829	1.4580
people	bjorn-pierre-ureo1XIikao-unsplash	q75	a2c_compact_x2	34.062	50.890	2.2482
people	bjorn-pierre-ureo1XIikao-unsplash	q50	a2c_compact_x2	33.533	42.008	2.6601
people	bjorn-pierre-ureo1XIikao-unsplash	q35	a2c_compact_x2	33.283	38.924	2.8130
art-scans	illustrations-haeckel_0047_trilobites	clean	lanczos	31.160	78.487	1.1831
art-scans	illustrations-haeckel_0047_trilobites	q75	lanczos	26.899	51.726	1.9445
art-scans	illustrations-haeckel_0047_trilobites	q50	lanczos	25.019	31.360	2.9216
art-scans	illustrations-haeckel_0047_trilobites	q35	lanczos	23.921	22.270	3.4972
art-scans	illustrations-haeckel_0047_trilobites	clean	realesrgan_x4	19.684	-60.009	9.7367
art-scans	illustrations-haeckel_0047_trilobites	q75	realesrgan_x4	19.844	-57.964	9.5337
art-scans	illustrations-haeckel_0047_trilobites	q50	realesrgan_x4	19.406	-60.146	9.9417
art-scans	illustrations-haeckel_0047_trilobites	q35	realesrgan_x4	19.125	-61.286	10.1429
art-scans	illustrations-haeckel_0047_trilobites	clean	realesrnet_x4	23.071	-3.256	7.0570
art-scans	illustrations-haeckel_0047_trilobites	q75	realesrnet_x4	22.201	1.366	7.1607
art-scans	illustrations-haeckel_0047_trilobites	q50	realesrnet_x4	21.063	-19.386	8.2665
art-scans	illustrations-haeckel_0047_trilobites	q35	realesrnet_x4	20.500	-39.382	8.8343
art-scans	illustrations-haeckel_0047_trilobites	clean	faceupdat_x4	24.500	38.294	3.1501
art-scans	illustrations-haeckel_0047_trilobites	q75	faceupdat_x4	22.370	1.399	4.3766
art-scans	illustrations-haeckel_0047_trilobites	q50	faceupdat_x4	21.546	-15.476	5.0812
art-scans	illustrations-haeckel_0047_trilobites	q35	faceupdat_x4	21.119	-19.834	5.2569
art-scans	illustrations-haeckel_0047_trilobites	clean	nomoswebphoto_plksr_x4	23.167	47.222	4.1889
art-scans	illustrations-haeckel_0047_trilobites	q75	nomoswebphoto_plksr_x4	21.895	33.176	5.6224
art-scans	illustrations-haeckel_0047_trilobites	q50	nomoswebphoto_plksr_x4	21.373	19.505	4.9702
art-scans	illustrations-haeckel_0047_trilobites	q35	nomoswebphoto_plksr_x4	20.712	11.752	5.6735
art-scans	illustrations-haeckel_0047_trilobites	clean	a2c_compact_x2	25.216	58.111	2.3709
art-scans	illustrations-haeckel_0047_trilobites	q75	a2c_compact_x2	23.122	34.520	3.0899
art-scans	illustrations-haeckel_0047_trilobites	q50	a2c_compact_x2	22.307	20.994	3.6970
art-scans	illustrations-haeckel_0047_trilobites	q35	a2c_compact_x2	21.776	13.175	4.1561
art-scans	illustrations-haeckel_0062_pitcher-plants	clean	lanczos	35.996	83.784	0.9601
art-scans	illustrations-haeckel_0062_pitcher-plants	q75	lanczos	26.136	47.279	2.8219
art-scans	illustrations-haeckel_0062_pitcher-plants	q50	lanczos	24.845	30.975	3.9093
art-scans	illustrations-haeckel_0062_pitcher-plants	q35	lanczos	24.286	20.580	4.8048
art-scans	illustrations-haeckel_0062_pitcher-plants	clean	realesrgan_x4	22.647	-4.295	8.4127
art-scans	illustrations-haeckel_0062_pitcher-plants	q75	realesrgan_x4	22.202	-21.809	8.1161
art-scans	illustrations-haeckel_0062_pitcher-plants	q50	realesrgan_x4	22.250	-37.990	7.9578
art-scans	illustrations-haeckel_0062_pitcher-plants	q35	realesrgan_x4	22.265	-44.840	8.0869
art-scans	illustrations-haeckel_0062_pitcher-plants	clean	realesrnet_x4	25.104	38.871	5.0442
art-scans	illustrations-haeckel_0062_pitcher-plants	q75	realesrnet_x4	24.075	19.898	5.5945
art-scans	illustrations-haeckel_0062_pitcher-plants	q50	realesrnet_x4	23.468	-9.214	6.3511
art-scans	illustrations-haeckel_0062_pitcher-plants	q35	realesrnet_x4	23.298	-22.227	6.6504
art-scans	illustrations-haeckel_0062_pitcher-plants	clean	faceupdat_x4	26.787	43.318	4.1015
art-scans	illustrations-haeckel_0062_pitcher-plants	q75	faceupdat_x4	23.544	-6.259	5.5657
art-scans	illustrations-haeckel_0062_pitcher-plants	q50	faceupdat_x4	23.011	-18.346	6.1749
art-scans	illustrations-haeckel_0062_pitcher-plants	q35	faceupdat_x4	23.068	-16.056	6.0550
art-scans	illustrations-haeckel_0062_pitcher-plants	clean	nomoswebphoto_plksr_x4	24.400	46.664	5.5601
art-scans	illustrations-haeckel_0062_pitcher-plants	q75	nomoswebphoto_plksr_x4	22.834	23.970	6.5672
art-scans	illustrations-haeckel_0062_pitcher-plants	q50	nomoswebphoto_plksr_x4	22.700	15.609	6.4207
art-scans	illustrations-haeckel_0062_pitcher-plants	q35	nomoswebphoto_plksr_x4	22.487	8.186	6.6637
art-scans	illustrations-haeckel_0062_pitcher-plants	clean	a2c_compact_x2	30.302	72.053	2.1571
art-scans	illustrations-haeckel_0062_pitcher-plants	q75	a2c_compact_x2	24.882	35.768	3.6596
art-scans	illustrations-haeckel_0062_pitcher-plants	q50	a2c_compact_x2	23.771	17.393	4.5475
art-scans	illustrations-haeckel_0062_pitcher-plants	q35	a2c_compact_x2	23.440	9.777	5.0141
people	alexander-aguero-EnppVuXbcCE-unsplash	clean	lanczos	43.746	88.297	0.6833
people	alexander-aguero-EnppVuXbcCE-unsplash	q75	lanczos	37.840	55.946	1.7217
people	alexander-aguero-EnppVuXbcCE-unsplash	q50	lanczos	36.489	35.959	2.2437
people	alexander-aguero-EnppVuXbcCE-unsplash	q35	lanczos	35.705	21.562	2.5883
people	alexander-aguero-EnppVuXbcCE-unsplash	clean	realesrgan_x4	37.982	55.081	2.0437
people	alexander-aguero-EnppVuXbcCE-unsplash	q75	realesrgan_x4	36.291	39.498	2.5519
people	alexander-aguero-EnppVuXbcCE-unsplash	q50	realesrgan_x4	35.228	24.816	3.2842
people	alexander-aguero-EnppVuXbcCE-unsplash	q35	realesrgan_x4	34.888	13.150	3.1110
people	alexander-aguero-EnppVuXbcCE-unsplash	clean	realesrnet_x4	40.073	69.024	1.4501
people	alexander-aguero-EnppVuXbcCE-unsplash	q75	realesrnet_x4	37.907	53.371	2.0609
people	alexander-aguero-EnppVuXbcCE-unsplash	q50	realesrnet_x4	36.918	38.179	2.5226
people	alexander-aguero-EnppVuXbcCE-unsplash	q35	realesrnet_x4	36.284	26.018	2.9497
people	alexander-aguero-EnppVuXbcCE-unsplash	clean	faceupdat_x4	37.600	64.654	1.5484
people	alexander-aguero-EnppVuXbcCE-unsplash	q75	faceupdat_x4	35.712	41.650	2.1854
people	alexander-aguero-EnppVuXbcCE-unsplash	q50	faceupdat_x4	35.736	34.053	2.3265
people	alexander-aguero-EnppVuXbcCE-unsplash	q35	faceupdat_x4	35.035	19.877	2.6967
people	alexander-aguero-EnppVuXbcCE-unsplash	clean	nomoswebphoto_plksr_x4	36.105	58.095	2.2443
people	alexander-aguero-EnppVuXbcCE-unsplash	q75	nomoswebphoto_plksr_x4	34.109	39.424	2.7337
people	alexander-aguero-EnppVuXbcCE-unsplash	q50	nomoswebphoto_plksr_x4	33.670	28.855	3.1312
people	alexander-aguero-EnppVuXbcCE-unsplash	q35	nomoswebphoto_plksr_x4	33.807	19.422	3.2169
people	alexander-aguero-EnppVuXbcCE-unsplash	clean	a2c_compact_x2	38.955	79.114	1.5289
people	alexander-aguero-EnppVuXbcCE-unsplash	q75	a2c_compact_x2	35.815	46.214	2.3078
people	alexander-aguero-EnppVuXbcCE-unsplash	q50	a2c_compact_x2	35.081	30.852	2.6747
people	alexander-aguero-EnppVuXbcCE-unsplash	q35	a2c_compact_x2	34.628	20.051	2.9183
photos	artistic-Screenshot_20260526_074348_Photos	clean	lanczos	33.384	73.006	2.1997
photos	artistic-Screenshot_20260526_074348_Photos	q75	lanczos	32.063	53.914	2.5200
photos	artistic-Screenshot_20260526_074348_Photos	q50	lanczos	31.246	40.926	3.0391
photos	artistic-Screenshot_20260526_074348_Photos	q35	lanczos	30.788	31.508	3.3751
photos	artistic-Screenshot_20260526_074348_Photos	clean	realesrgan_x4	31.614	52.094	3.0032
photos	artistic-Screenshot_20260526_074348_Photos	q75	realesrgan_x4	30.669	41.871	3.3656
photos	artistic-Screenshot_20260526_074348_Photos	q50	realesrgan_x4	30.127	34.592	4.0127
photos	artistic-Screenshot_20260526_074348_Photos	q35	realesrgan_x4	29.735	29.717	5.0759
photos	artistic-Screenshot_20260526_074348_Photos	clean	realesrnet_x4	33.713	64.402	2.7413
photos	artistic-Screenshot_20260526_074348_Photos	q75	realesrnet_x4	32.657	51.290	3.0713
photos	artistic-Screenshot_20260526_074348_Photos	q50	realesrnet_x4	31.939	43.034	3.4177
photos	artistic-Screenshot_20260526_074348_Photos	q35	realesrnet_x4	31.562	38.944	3.6260
photos	artistic-Screenshot_20260526_074348_Photos	clean	faceupdat_x4	31.075	50.589	3.5936
photos	artistic-Screenshot_20260526_074348_Photos	q75	faceupdat_x4	30.296	36.537	4.0051
photos	artistic-Screenshot_20260526_074348_Photos	q50	faceupdat_x4	30.322	33.729	3.7951
photos	artistic-Screenshot_20260526_074348_Photos	q35	faceupdat_x4	30.260	29.192	3.8007
photos	artistic-Screenshot_20260526_074348_Photos	clean	nomoswebphoto_plksr_x4	32.312	59.116	2.9126
photos	artistic-Screenshot_20260526_074348_Photos	q75	nomoswebphoto_plksr_x4	30.598	46.025	3.5188
photos	artistic-Screenshot_20260526_074348_Photos	q50	nomoswebphoto_plksr_x4	29.925	39.123	3.9162
photos	artistic-Screenshot_20260526_074348_Photos	q35	nomoswebphoto_plksr_x4	29.252	32.896	4.2442
photos	artistic-Screenshot_20260526_074348_Photos	clean	a2c_compact_x2	33.842	71.392	2.3462
photos	artistic-Screenshot_20260526_074348_Photos	q75	a2c_compact_x2	32.362	53.999	2.6787
photos	artistic-Screenshot_20260526_074348_Photos	q50	a2c_compact_x2	31.552	44.780	3.0798
photos	artistic-Screenshot_20260526_074348_Photos	q35	a2c_compact_x2	31.140	38.811	3.3154
photos	artistic-Screenshot_20260526_075258_Gallery	clean	lanczos	33.525	74.920	1.5513
photos	artistic-Screenshot_20260526_075258_Gallery	q75	lanczos	29.801	56.337	2.2921
photos	artistic-Screenshot_20260526_075258_Gallery	q50	lanczos	28.059	42.372	3.1286
photos	artistic-Screenshot_20260526_075258_Gallery	q35	lanczos	27.168	33.340	3.6910
photos	artistic-Screenshot_20260526_075258_Gallery	clean	realesrgan_x4	26.080	41.103	4.2548
photos	artistic-Screenshot_20260526_075258_Gallery	q75	realesrgan_x4	25.344	31.763	4.8678
photos	artistic-Screenshot_20260526_075258_Gallery	q50	realesrgan_x4	24.837	24.344	5.3964
photos	artistic-Screenshot_20260526_075258_Gallery	q35	realesrgan_x4	24.445	18.327	6.0118
photos	artistic-Screenshot_20260526_075258_Gallery	clean	realesrnet_x4	28.184	57.904	3.1901
photos	artistic-Screenshot_20260526_075258_Gallery	q75	realesrnet_x4	27.808	50.666	3.4911
photos	artistic-Screenshot_20260526_075258_Gallery	q50	realesrnet_x4	26.949	40.998	4.1445
photos	artistic-Screenshot_20260526_075258_Gallery	q35	realesrnet_x4	26.691	35.148	4.4345
photos	artistic-Screenshot_20260526_075258_Gallery	clean	faceupdat_x4	29.656	50.465	2.9288
photos	artistic-Screenshot_20260526_075258_Gallery	q75	faceupdat_x4	27.390	28.774	3.9339
photos	artistic-Screenshot_20260526_075258_Gallery	q50	faceupdat_x4	26.327	16.974	4.4470
photos	artistic-Screenshot_20260526_075258_Gallery	q35	faceupdat_x4	25.766	10.899	4.7258
photos	artistic-Screenshot_20260526_075258_Gallery	clean	nomoswebphoto_plksr_x4	25.721	48.361	4.6293
photos	artistic-Screenshot_20260526_075258_Gallery	q75	nomoswebphoto_plksr_x4	25.676	41.986	4.7641
photos	artistic-Screenshot_20260526_075258_Gallery	q50	nomoswebphoto_plksr_x4	25.134	32.902	5.2838
photos	artistic-Screenshot_20260526_075258_Gallery	q35	nomoswebphoto_plksr_x4	24.452	25.710	6.0745
photos	artistic-Screenshot_20260526_075258_Gallery	clean	a2c_compact_x2	31.497	68.936	2.0450
photos	artistic-Screenshot_20260526_075258_Gallery	q75	a2c_compact_x2	28.812	52.268	2.8559
photos	artistic-Screenshot_20260526_075258_Gallery	q50	a2c_compact_x2	27.687	41.777	3.4150
photos	artistic-Screenshot_20260526_075258_Gallery	q35	a2c_compact_x2	27.018	34.701	3.8566
photos	artistic-Screenshot_20260526_075134_Gallery	clean	lanczos	36.132	81.829	1.0983
photos	artistic-Screenshot_20260526_075134_Gallery	q75	lanczos	29.369	54.979	2.6144
photos	artistic-Screenshot_20260526_075134_Gallery	q50	lanczos	27.412	40.763	3.8235
photos	artistic-Screenshot_20260526_075134_Gallery	q35	lanczos	26.472	31.011	4.3750
photos	artistic-Screenshot_20260526_075134_Gallery	clean	realesrgan_x4	26.877	44.378	4.0360
photos	artistic-Screenshot_20260526_075134_Gallery	q75	realesrgan_x4	26.113	34.281	4.7381
photos	artistic-Screenshot_20260526_075134_Gallery	q50	realesrgan_x4	25.477	24.671	5.3521
photos	artistic-Screenshot_20260526_075134_Gallery	q35	realesrgan_x4	24.930	16.240	5.9019
photos	artistic-Screenshot_20260526_075134_Gallery	clean	realesrnet_x4	28.889	58.827	3.1845
photos	artistic-Screenshot_20260526_075134_Gallery	q75	realesrnet_x4	27.878	49.752	3.6778
photos	artistic-Screenshot_20260526_075134_Gallery	q50	realesrnet_x4	27.066	40.232	4.2226
photos	artistic-Screenshot_20260526_075134_Gallery	q35	realesrnet_x4	26.376	31.765	4.7363
photos	artistic-Screenshot_20260526_075134_Gallery	clean	faceupdat_x4	29.765	54.281	2.8409
photos	artistic-Screenshot_20260526_075134_Gallery	q75	faceupdat_x4	26.780	20.616	4.3267
photos	artistic-Screenshot_20260526_075134_Gallery	q50	faceupdat_x4	25.476	5.868	5.1307
photos	artistic-Screenshot_20260526_075134_Gallery	q35	faceupdat_x4	24.948	0.241	5.4952
photos	artistic-Screenshot_20260526_075134_Gallery	clean	nomoswebphoto_plksr_x4	26.395	51.278	4.3159
photos	artistic-Screenshot_20260526_075134_Gallery	q75	nomoswebphoto_plksr_x4	25.615	39.743	4.7687
photos	artistic-Screenshot_20260526_075134_Gallery	q50	nomoswebphoto_plksr_x4	25.137	30.626	5.2857
photos	artistic-Screenshot_20260526_075134_Gallery	q35	nomoswebphoto_plksr_x4	24.757	24.459	5.5438
photos	artistic-Screenshot_20260526_075134_Gallery	clean	a2c_compact_x2	31.871	72.009	2.3914
photos	artistic-Screenshot_20260526_075134_Gallery	q75	a2c_compact_x2	28.181	51.525	3.0686
photos	artistic-Screenshot_20260526_075134_Gallery	q50	a2c_compact_x2	26.803	39.012	3.8193
photos	artistic-Screenshot_20260526_075134_Gallery	q35	a2c_compact_x2	26.102	30.837	4.3636
art-scans	illustrations-haeckel_0065_red-algae	clean	lanczos	26.409	64.098	1.9961
art-scans	illustrations-haeckel_0065_red-algae	q75	lanczos	22.116	20.391	4.6481
art-scans	illustrations-haeckel_0065_red-algae	q50	lanczos	20.867	1.386	6.2807
art-scans	illustrations-haeckel_0065_red-algae	q35	lanczos	20.088	-11.101	7.3255
art-scans	illustrations-haeckel_0065_red-algae	clean	realesrgan_x4	19.677	-38.555	7.9443
art-scans	illustrations-haeckel_0065_red-algae	q75	realesrgan_x4	19.620	-35.948	7.0525
art-scans	illustrations-haeckel_0065_red-algae	q50	realesrgan_x4	18.747	-42.569	7.5451
art-scans	illustrations-haeckel_0065_red-algae	q35	realesrgan_x4	18.263	-42.412	7.8872
art-scans	illustrations-haeckel_0065_red-algae	clean	realesrnet_x4	20.989	-14.872	7.9967
art-scans	illustrations-haeckel_0065_red-algae	q75	realesrnet_x4	20.418	-31.028	7.4621
art-scans	illustrations-haeckel_0065_red-algae	q50	realesrnet_x4	19.615	-32.501	8.1178
art-scans	illustrations-haeckel_0065_red-algae	q35	realesrnet_x4	19.158	-35.053	8.3964
art-scans	illustrations-haeckel_0065_red-algae	clean	faceupdat_x4	21.981	18.382	4.0001
art-scans	illustrations-haeckel_0065_red-algae	q75	faceupdat_x4	19.658	-24.822	5.1371
art-scans	illustrations-haeckel_0065_red-algae	q50	faceupdat_x4	19.295	-30.908	5.8031
art-scans	illustrations-haeckel_0065_red-algae	q35	faceupdat_x4	19.023	-37.604	6.6405
art-scans	illustrations-haeckel_0065_red-algae	clean	nomoswebphoto_plksr_x4	21.975	25.410	3.8579
art-scans	illustrations-haeckel_0065_red-algae	q75	nomoswebphoto_plksr_x4	20.944	1.928	4.8617
art-scans	illustrations-haeckel_0065_red-algae	q50	nomoswebphoto_plksr_x4	19.960	-10.576	6.4201
art-scans	illustrations-haeckel_0065_red-algae	q35	nomoswebphoto_plksr_x4	18.806	-23.373	7.8209
art-scans	illustrations-haeckel_0065_red-algae	clean	a2c_compact_x2	22.917	32.938	3.1903
art-scans	illustrations-haeckel_0065_red-algae	q75	a2c_compact_x2	21.429	8.539	5.0996
art-scans	illustrations-haeckel_0065_red-algae	q50	a2c_compact_x2	20.503	-5.166	5.8525
art-scans	illustrations-haeckel_0065_red-algae	q35	a2c_compact_x2	20.117	-14.269	6.2775
art-scans	illustrations-haeckel_0007_cephalopods	clean	lanczos	34.829	81.232	1.2641
art-scans	illustrations-haeckel_0007_cephalopods	q75	lanczos	29.254	57.535	2.6320
art-scans	illustrations-haeckel_0007_cephalopods	q50	lanczos	27.606	42.866	3.8541
art-scans	illustrations-haeckel_0007_cephalopods	q35	lanczos	26.727	33.549	4.2321
art-scans	illustrations-haeckel_0007_cephalopods	clean	realesrgan_x4	24.565	15.150	5.8465
art-scans	illustrations-haeckel_0007_cephalopods	q75	realesrgan_x4	24.305	11.072	6.3694
art-scans	illustrations-haeckel_0007_cephalopods	q50	realesrgan_x4	23.910	4.821	7.0628
art-scans	illustrations-haeckel_0007_cephalopods	q35	realesrgan_x4	23.775	0.258	7.2792
art-scans	illustrations-haeckel_0007_cephalopods	clean	realesrnet_x4	26.458	41.902	5.4630
art-scans	illustrations-haeckel_0007_cephalopods	q75	realesrnet_x4	26.139	38.487	5.3534
art-scans	illustrations-haeckel_0007_cephalopods	q50	realesrnet_x4	25.730	29.468	6.0308
art-scans	illustrations-haeckel_0007_cephalopods	q35	realesrnet_x4	25.559	25.436	6.2383
art-scans	illustrations-haeckel_0007_cephalopods	clean	faceupdat_x4	26.850	19.724	5.0461
art-scans	illustrations-haeckel_0007_cephalopods	q75	faceupdat_x4	25.063	5.362	6.4082
art-scans	illustrations-haeckel_0007_cephalopods	q50	faceupdat_x4	24.365	0.771	6.7236
art-scans	illustrations-haeckel_0007_cephalopods	q35	faceupdat_x4	24.192	-1.419	6.7810
art-scans	illustrations-haeckel_0007_cephalopods	clean	nomoswebphoto_plksr_x4	27.294	62.030	4.0009
art-scans	illustrations-haeckel_0007_cephalopods	q75	nomoswebphoto_plksr_x4	25.623	45.544	4.6734
art-scans	illustrations-haeckel_0007_cephalopods	q50	nomoswebphoto_plksr_x4	24.877	35.627	5.2440
art-scans	illustrations-haeckel_0007_cephalopods	q35	nomoswebphoto_plksr_x4	24.334	27.565	5.7354
art-scans	illustrations-haeckel_0007_cephalopods	clean	a2c_compact_x2	31.266	72.119	1.8755
art-scans	illustrations-haeckel_0007_cephalopods	q75	a2c_compact_x2	27.720	52.199	3.2623
art-scans	illustrations-haeckel_0007_cephalopods	q50	a2c_compact_x2	26.416	40.617	4.3194
art-scans	illustrations-haeckel_0007_cephalopods	q35	a2c_compact_x2	25.792	34.159	4.6051
textures	hwang-sanguk-k0TLJWRabXg-unsplash	clean	lanczos	25.468	63.254	2.1512
textures	hwang-sanguk-k0TLJWRabXg-unsplash	q75	lanczos	24.002	44.676	2.7829
textures	hwang-sanguk-k0TLJWRabXg-unsplash	q50	lanczos	22.763	25.574	3.6288
textures	hwang-sanguk-k0TLJWRabXg-unsplash	q35	lanczos	22.113	13.457	4.2449
textures	hwang-sanguk-k0TLJWRabXg-unsplash	clean	realesrgan_x4	22.580	6.256	6.2938
textures	hwang-sanguk-k0TLJWRabXg-unsplash	q75	realesrgan_x4	21.916	-6.636	6.6199
textures	hwang-sanguk-k0TLJWRabXg-unsplash	q50	realesrgan_x4	21.036	-18.250	7.4485
textures	hwang-sanguk-k0TLJWRabXg-unsplash	q35	realesrgan_x4	20.638	-27.717	7.8215
textures	hwang-sanguk-k0TLJWRabXg-unsplash	clean	realesrnet_x4	24.340	42.637	3.1745
textures	hwang-sanguk-k0TLJWRabXg-unsplash	q75	realesrnet_x4	23.486	34.384	3.4518
textures	hwang-sanguk-k0TLJWRabXg-unsplash	q50	realesrnet_x4	22.472	20.068	4.1526
textures	hwang-sanguk-k0TLJWRabXg-unsplash	q35	realesrnet_x4	21.921	7.193	4.6477
textures	hwang-sanguk-k0TLJWRabXg-unsplash	clean	faceupdat_x4	21.762	-31.950	5.6067
textures	hwang-sanguk-k0TLJWRabXg-unsplash	q75	faceupdat_x4	20.518	-56.232	6.7687
textures	hwang-sanguk-k0TLJWRabXg-unsplash	q50	faceupdat_x4	20.019	-60.648	7.4758
textures	hwang-sanguk-k0TLJWRabXg-unsplash	q35	faceupdat_x4	19.896	-61.207	7.6228
textures	hwang-sanguk-k0TLJWRabXg-unsplash	clean	nomoswebphoto_plksr_x4	22.662	40.046	4.8441
textures	hwang-sanguk-k0TLJWRabXg-unsplash	q75	nomoswebphoto_plksr_x4	21.532	25.594	5.7537
textures	hwang-sanguk-k0TLJWRabXg-unsplash	q50	nomoswebphoto_plksr_x4	20.931	13.587	6.4032
textures	hwang-sanguk-k0TLJWRabXg-unsplash	q35	nomoswebphoto_plksr_x4	20.617	4.585	6.8426
textures	hwang-sanguk-k0TLJWRabXg-unsplash	clean	a2c_compact_x2	24.229	56.643	3.4692
textures	hwang-sanguk-k0TLJWRabXg-unsplash	q75	a2c_compact_x2	22.679	33.003	4.2063
textures	hwang-sanguk-k0TLJWRabXg-unsplash	q50	a2c_compact_x2	21.606	13.861	4.8489
textures	hwang-sanguk-k0TLJWRabXg-unsplash	q35	a2c_compact_x2	21.181	3.811	5.2979
people	david-utt-9p-V5MUdkLY-unsplash	clean	lanczos	41.005	86.589	0.8067
people	david-utt-9p-V5MUdkLY-unsplash	q75	lanczos	34.831	58.772	1.9916
people	david-utt-9p-V5MUdkLY-unsplash	q50	lanczos	33.340	41.168	2.6293
people	david-utt-9p-V5MUdkLY-unsplash	q35	lanczos	32.550	28.078	3.0888
people	david-utt-9p-V5MUdkLY-unsplash	clean	realesrgan_x4	31.721	30.553	3.9005
people	david-utt-9p-V5MUdkLY-unsplash	q75	realesrgan_x4	30.057	15.993	5.2553
people	david-utt-9p-V5MUdkLY-unsplash	q50	realesrgan_x4	28.578	-3.001	6.3377
people	david-utt-9p-V5MUdkLY-unsplash	q35	realesrgan_x4	27.582	-12.661	7.5008
people	david-utt-9p-V5MUdkLY-unsplash	clean	realesrnet_x4	35.640	61.047	2.0768
people	david-utt-9p-V5MUdkLY-unsplash	q75	realesrnet_x4	33.949	49.566	2.7862
people	david-utt-9p-V5MUdkLY-unsplash	q50	realesrnet_x4	31.865	29.586	4.5034
people	david-utt-9p-V5MUdkLY-unsplash	q35	realesrnet_x4	30.602	15.285	5.7588
people	david-utt-9p-V5MUdkLY-unsplash	clean	faceupdat_x4	35.044	43.814	2.5464
people	david-utt-9p-V5MUdkLY-unsplash	q75	faceupdat_x4	33.976	42.870	2.6157
people	david-utt-9p-V5MUdkLY-unsplash	q50	faceupdat_x4	32.963	34.000	2.8240
people	david-utt-9p-V5MUdkLY-unsplash	q35	faceupdat_x4	32.280	24.321	3.1194
people	david-utt-9p-V5MUdkLY-unsplash	clean	nomoswebphoto_plksr_x4	31.465	48.919	3.1823
people	david-utt-9p-V5MUdkLY-unsplash	q75	nomoswebphoto_plksr_x4	30.156	31.164	4.2555
people	david-utt-9p-V5MUdkLY-unsplash	q50	nomoswebphoto_plksr_x4	29.323	21.570	4.9972
people	david-utt-9p-V5MUdkLY-unsplash	q35	nomoswebphoto_plksr_x4	29.208	13.088	5.4087
people	david-utt-9p-V5MUdkLY-unsplash	clean	a2c_compact_x2	37.680	79.552	1.4120
people	david-utt-9p-V5MUdkLY-unsplash	q75	a2c_compact_x2	33.603	50.438	2.3239
people	david-utt-9p-V5MUdkLY-unsplash	q50	a2c_compact_x2	32.499	35.773	2.8548
people	david-utt-9p-V5MUdkLY-unsplash	q35	a2c_compact_x2	31.843	25.428	3.2519
people	christian-agbede-A1gWJze3il4-unsplash	clean	lanczos	27.854	62.878	1.9396
people	christian-agbede-A1gWJze3il4-unsplash	q75	lanczos	26.360	37.289	2.7898
people	christian-agbede-A1gWJze3il4-unsplash	q50	lanczos	25.603	21.529	3.6207
people	christian-agbede-A1gWJze3il4-unsplash	q35	lanczos	25.185	11.202	4.0293
people	christian-agbede-A1gWJze3il4-unsplash	clean	realesrgan_x4	25.966	15.016	3.8562
people	christian-agbede-A1gWJze3il4-unsplash	q75	realesrgan_x4	25.346	8.673	4.5549
people	christian-agbede-A1gWJze3il4-unsplash	q50	realesrgan_x4	24.878	2.604	4.9380
people	christian-agbede-A1gWJze3il4-unsplash	q35	realesrgan_x4	24.669	-1.355	5.5602
people	christian-agbede-A1gWJze3il4-unsplash	clean	realesrnet_x4	26.832	25.326	3.0243
people	christian-agbede-A1gWJze3il4-unsplash	q75	realesrnet_x4	26.154	19.073	3.6475
people	christian-agbede-A1gWJze3il4-unsplash	q50	realesrnet_x4	25.593	13.475	4.2787
people	christian-agbede-A1gWJze3il4-unsplash	q35	realesrnet_x4	25.362	9.493	4.7527
people	christian-agbede-A1gWJze3il4-unsplash	clean	faceupdat_x4	25.792	16.616	3.7486
people	christian-agbede-A1gWJze3il4-unsplash	q75	faceupdat_x4	24.802	-3.518	4.7331
people	christian-agbede-A1gWJze3il4-unsplash	q50	faceupdat_x4	24.408	-7.988	5.0429
people	christian-agbede-A1gWJze3il4-unsplash	q35	faceupdat_x4	24.365	-6.325	4.8251
people	christian-agbede-A1gWJze3il4-unsplash	clean	nomoswebphoto_plksr_x4	25.836	34.946	3.5339
people	christian-agbede-A1gWJze3il4-unsplash	q75	nomoswebphoto_plksr_x4	25.055	19.775	4.1024
people	christian-agbede-A1gWJze3il4-unsplash	q50	nomoswebphoto_plksr_x4	24.635	12.980	4.9592
people	christian-agbede-A1gWJze3il4-unsplash	q35	nomoswebphoto_plksr_x4	24.249	7.285	5.2699
people	christian-agbede-A1gWJze3il4-unsplash	clean	a2c_compact_x2	26.821	49.992	2.6217
people	christian-agbede-A1gWJze3il4-unsplash	q75	a2c_compact_x2	25.742	28.877	3.2727
people	christian-agbede-A1gWJze3il4-unsplash	q50	a2c_compact_x2	25.215	17.306	4.0043
people	christian-agbede-A1gWJze3il4-unsplash	q35	a2c_compact_x2	24.890	9.625	4.4262
photos	artistic-Screenshot_20260526_074418_Photos	clean	lanczos	33.844	77.624	1.4381
photos	artistic-Screenshot_20260526_074418_Photos	q75	lanczos	31.281	59.790	2.2708
photos	artistic-Screenshot_20260526_074418_Photos	q50	lanczos	30.293	48.083	2.8608
photos	artistic-Screenshot_20260526_074418_Photos	q35	lanczos	29.681	39.327	3.2523
photos	artistic-Screenshot_20260526_074418_Photos	clean	realesrgan_x4	31.851	57.802	2.5749
photos	artistic-Screenshot_20260526_074418_Photos	q75	realesrgan_x4	30.848	50.895	3.1200
photos	artistic-Screenshot_20260526_074418_Photos	q50	realesrgan_x4	29.749	42.088	4.7180
photos	artistic-Screenshot_20260526_074418_Photos	q35	realesrgan_x4	29.152	35.790	5.0857
photos	artistic-Screenshot_20260526_074418_Photos	clean	realesrnet_x4	33.239	70.964	1.7653
photos	artistic-Screenshot_20260526_074418_Photos	q75	realesrnet_x4	31.729	61.174	2.4836
photos	artistic-Screenshot_20260526_074418_Photos	q50	realesrnet_x4	30.428	51.084	4.1627
photos	artistic-Screenshot_20260526_074418_Photos	q35	realesrnet_x4	29.628	42.939	4.9628
photos	artistic-Screenshot_20260526_074418_Photos	clean	faceupdat_x4	31.606	53.429	2.8527
photos	artistic-Screenshot_20260526_074418_Photos	q75	faceupdat_x4	30.085	45.778	3.2760
photos	artistic-Screenshot_20260526_074418_Photos	q50	faceupdat_x4	29.629	40.652	3.2027
photos	artistic-Screenshot_20260526_074418_Photos	q35	faceupdat_x4	29.235	35.952	3.3548
photos	artistic-Screenshot_20260526_074418_Photos	clean	nomoswebphoto_plksr_x4	32.726	68.755	2.0431
photos	artistic-Screenshot_20260526_074418_Photos	q75	nomoswebphoto_plksr_x4	29.742	50.897	3.7177
photos	artistic-Screenshot_20260526_074418_Photos	q50	nomoswebphoto_plksr_x4	28.379	39.127	4.8949
photos	artistic-Screenshot_20260526_074418_Photos	q35	nomoswebphoto_plksr_x4	27.837	32.048	5.4259
photos	artistic-Screenshot_20260526_074418_Photos	clean	a2c_compact_x2	32.907	73.113	1.9179
photos	artistic-Screenshot_20260526_074418_Photos	q75	a2c_compact_x2	30.998	57.981	2.6014
photos	artistic-Screenshot_20260526_074418_Photos	q50	a2c_compact_x2	30.090	48.318	3.1089
photos	artistic-Screenshot_20260526_074418_Photos	q35	a2c_compact_x2	29.580	42.247	3.4342
